id,Name,HP,Atk,Def,SpAtk,SPDef,Spd,Weight,Height,Rarity,Type1,Type2
1,bulbasaur,45,49,49,65,65,45,69,7,Common,grass,poison
2,ivysaur,60,62,63,80,80,60,130,10,Common,grass,poison
3,venusaur,80,82,83,100,100,80,1000,20,Common,grass,poison
4,charmander,39,52,43,60,50,65,85,6,Common,fire,fire
5,charmeleon,58,64,58,80,65,80,190,11,Common,fire,fire
6,charizard,78,84,78,109,85,100,905,17,Common,fire,flying
7,squirtle,44,48,65,50,64,43,90,5,Common,water,water
8,wartortle,59,63,80,65,80,58,225,10,Common,water,water
9,blastoise,79,83,100,85,105,78,855,16,Common,water,water
10,caterpie,45,30,35,20,20,45,29,3,Common,bug,bug
11,metapod,50,20,55,25,25,30,99,7,Common,bug,bug
12,butterfree,60,45,50,90,80,70,320,11,Common,bug,flying
13,weedle,40,35,30,20,20,50,32,3,Common,bug,poison
14,kakuna,45,25,50,25,25,35,100,6,Common,bug,poison
15,beedrill,65,90,40,45,80,75,295,10,Common,bug,poison
16,pidgey,40,45,40,35,35,56,18,3,Common,normal,flying
17,pidgeotto,63,60,55,50,50,71,300,11,Common,normal,flying
18,pidgeot,83,80,75,70,70,101,395,15,Common,normal,flying
19,rattata,30,56,35,25,35,72,35,3,Common,normal,normal
20,raticate,55,81,60,50,70,97,185,7,Common,normal,normal
21,spearow,40,60,30,31,31,70,20,3,Common,normal,flying
22,fearow,65,90,65,61,61,100,380,12,Common,normal,flying
23,ekans,35,60,44,40,54,55,69,20,Common,poison,poison
24,arbok,60,95,69,65,79,80,650,35,Common,poison,poison
25,pikachu,35,55,40,50,50,90,60,4,Common,electric,electric
26,raichu,60,90,55,90,80,110,300,8,Common,electric,electric
27,sandshrew,50,75,85,20,30,40,120,6,Common,ground,ground
28,sandslash,75,100,110,45,55,65,295,10,Common,ground,ground
29,nidoran-f,55,47,52,40,40,41,70,4,Common,poison,poison
30,nidorina,70,62,67,55,55,56,200,8,Common,poison,poison
31,nidoqueen,90,92,87,75,85,76,600,13,Common,poison,ground
32,nidoran-m,46,57,40,40,40,50,90,5,Common,poison,poison
33,nidorino,61,72,57,55,55,65,195,9,Common,poison,poison
34,nidoking,81,102,77,85,75,85,620,14,Common,poison,ground
35,clefairy,70,45,48,60,65,35,75,6,Common,fairy,fairy
36,clefable,95,70,73,95,90,60,400,13,Common,fairy,fairy
37,vulpix,38,41,40,50,65,65,99,6,Common,fire,fire
38,ninetales,73,76,75,81,100,100,199,11,Common,fire,fire
39,jigglypuff,115,45,20,45,25,20,55,5,Common,normal,fairy
40,wigglytuff,140,70,45,85,50,45,120,10,Common,normal,fairy
41,zubat,40,45,35,30,40,55,75,8,Common,poison,flying
42,golbat,75,80,70,65,75,90,550,16,Common,poison,flying
43,oddish,45,50,55,75,65,30,54,5,Common,grass,poison
44,gloom,60,65,70,85,75,40,86,8,Common,grass,poison
45,vileplume,75,80,85,110,90,50,186,12,Common,grass,poison
46,paras,35,70,55,45,55,25,54,3,Common,bug,grass
47,parasect,60,95,80,60,80,30,295,10,Common,bug,grass
48,venonat,60,55,50,40,55,45,300,10,Common,bug,poison
49,venomoth,70,65,60,90,75,90,125,15,Common,bug,poison
50,diglett,10,55,25,35,45,95,8,2,Common,ground,ground
51,dugtrio,35,100,50,50,70,120,333,7,Common,ground,ground
52,meowth,40,45,35,40,40,90,42,4,Common,normal,normal
53,persian,65,70,60,65,65,115,320,10,Common,normal,normal
54,psyduck,50,52,48,65,50,55,196,8,Common,water,water
55,golduck,80,82,78,95,80,85,766,17,Common,water,water
56,mankey,40,80,35,35,45,70,280,5,Common,fighting,fighting
57,primeape,65,105,60,60,70,95,320,10,Common,fighting,fighting
58,growlithe,55,70,45,70,50,60,190,7,Common,fire,fire
59,arcanine,90,110,80,100,80,95,1550,19,Common,fire,fire
60,poliwag,40,50,40,40,40,90,124,6,Common,water,water
61,poliwhirl,65,65,65,50,50,90,200,10,Common,water,water
62,poliwrath,90,95,95,70,90,70,540,13,Common,water,fighting
63,abra,25,20,15,105,55,90,195,9,Common,psychic,psychic
64,kadabra,40,35,30,120,70,105,565,13,Common,psychic,psychic
65,alakazam,55,50,45,135,95,120,480,15,Common,psychic,psychic
66,machop,70,80,50,35,35,35,195,8,Common,fighting,fighting
67,machoke,80,100,70,50,60,45,705,15,Common,fighting,fighting
68,machamp,90,130,80,65,85,55,1300,16,Common,fighting,fighting
69,bellsprout,50,75,35,70,30,40,40,7,Common,grass,poison
70,weepinbell,65,90,50,85,45,55,64,10,Common,grass,poison
71,victreebel,80,105,65,100,70,70,155,17,Common,grass,poison
72,tentacool,40,40,35,50,100,70,455,9,Common,water,poison
73,tentacruel,80,70,65,80,120,100,550,16,Common,water,poison
74,geodude,40,80,100,30,30,20,200,4,Common,rock,ground
75,graveler,55,95,115,45,45,35,1050,10,Common,rock,ground
76,golem,80,120,130,55,65,45,3000,14,Common,rock,ground
77,ponyta,50,85,55,65,65,90,300,10,Common,fire,fire
78,rapidash,65,100,70,80,80,105,950,17,Common,fire,fire
79,slowpoke,90,65,65,40,40,15,360,12,Common,water,psychic
80,slowbro,95,75,110,100,80,30,785,16,Common,water,psychic
81,magnemite,25,35,70,95,55,45,60,3,Common,electric,steel
82,magneton,50,60,95,120,70,70,600,10,Common,electric,steel
83,farfetchd,52,90,55,58,62,60,150,8,Common,normal,flying
84,doduo,35,85,45,35,35,75,392,14,Common,normal,flying
85,dodrio,60,110,70,60,60,110,852,18,Common,normal,flying
86,seel,65,45,55,45,70,45,900,11,Common,water,water
87,dewgong,90,70,80,70,95,70,1200,17,Common,water,ice
88,grimer,80,80,50,40,50,25,300,9,Common,poison,poison
89,muk,105,105,75,65,100,50,300,12,Common,poison,poison
90,shellder,30,65,100,45,25,40,40,3,Common,water,water
91,cloyster,50,95,180,85,45,70,1325,15,Common,water,ice
92,gastly,30,35,30,100,35,80,1,13,Common,ghost,poison
93,haunter,45,50,45,115,55,95,1,16,Common,ghost,poison
94,gengar,60,65,60,130,75,110,405,15,Common,ghost,poison
95,onix,35,45,160,30,45,70,2100,88,Common,rock,ground
96,drowzee,60,48,45,43,90,42,324,10,Common,psychic,psychic
97,hypno,85,73,70,73,115,67,756,16,Common,psychic,psychic
98,krabby,30,105,90,25,25,50,65,4,Common,water,water
99,kingler,55,130,115,50,50,75,600,13,Common,water,water
100,voltorb,40,30,50,55,55,100,104,5,Common,electric,electric
101,electrode,60,50,70,80,80,150,666,12,Common,electric,electric
102,exeggcute,60,40,80,60,45,40,25,4,Common,grass,psychic
103,exeggutor,95,95,85,125,75,55,1200,20,Common,grass,psychic
104,cubone,50,50,95,40,50,35,65,4,Common,ground,ground
105,marowak,60,80,110,50,80,45,450,10,Common,ground,ground
106,hitmonlee,50,120,53,35,110,87,498,15,Common,fighting,fighting
107,hitmonchan,50,105,79,35,110,76,502,14,Common,fighting,fighting
108,lickitung,90,55,75,60,75,30,655,12,Common,normal,normal
109,koffing,40,65,95,60,45,35,10,6,Common,poison,poison
110,weezing,65,90,120,85,70,60,95,12,Common,poison,poison
111,rhyhorn,80,85,95,30,30,25,1150,10,Common,ground,rock
112,rhydon,105,130,120,45,45,40,1200,19,Common,ground,rock
113,chansey,250,5,5,35,105,50,346,11,Common,normal,normal
114,tangela,65,55,115,100,40,60,350,10,Common,grass,grass
115,kangaskhan,105,95,80,40,80,90,800,22,Common,normal,normal
116,horsea,30,40,70,70,25,60,80,4,Common,water,water
117,seadra,55,65,95,95,45,85,250,12,Common,water,water
118,goldeen,45,67,60,35,50,63,150,6,Common,water,water
119,seaking,80,92,65,65,80,68,390,13,Common,water,water
120,staryu,30,45,55,70,55,85,345,8,Common,water,water
121,starmie,60,75,85,100,85,115,800,11,Common,water,psychic
122,mr-mime,40,45,65,100,120,90,545,13,Common,psychic,fairy
123,scyther,70,110,80,55,80,105,560,15,Common,bug,flying
124,jynx,65,50,35,115,95,95,406,14,Common,ice,psychic
125,electabuzz,65,83,57,95,85,105,300,11,Common,electric,electric
126,magmar,65,95,57,100,85,93,445,13,Common,fire,fire
127,pinsir,65,125,100,55,70,85,550,15,Common,bug,bug
128,tauros,75,100,95,40,70,110,884,14,Common,normal,normal
129,magikarp,20,10,55,15,20,80,100,9,Common,water,water
130,gyarados,95,125,79,60,100,81,2350,65,Common,water,flying
131,lapras,130,85,80,85,95,60,2200,25,Common,water,ice
132,ditto,48,48,48,48,48,48,40,3,Common,normal,normal
133,eevee,55,55,50,45,65,55,65,3,Common,normal,normal
134,vaporeon,130,65,60,110,95,65,290,10,Common,water,water
135,jolteon,65,65,60,110,95,130,245,8,Common,electric,electric
136,flareon,65,130,60,95,110,65,250,9,Common,fire,fire
137,porygon,65,60,70,85,75,40,365,8,Common,normal,normal
138,omanyte,35,40,100,90,55,35,75,4,Common,rock,water
139,omastar,70,60,125,115,70,55,350,10,Common,rock,water
140,kabuto,30,80,90,55,45,55,115,5,Common,rock,water
141,kabutops,60,115,105,65,70,80,405,13,Common,rock,water
142,aerodactyl,80,105,65,60,75,130,590,18,Common,rock,flying
143,snorlax,160,110,65,65,110,30,4600,21,Common,normal,normal
144,articuno,90,85,100,95,125,85,554,17,Legendary,ice,flying
145,zapdos,90,90,85,125,90,100,526,16,Legendary,electric,flying
146,moltres,90,100,90,125,85,90,600,20,Legendary,fire,flying
147,dratini,41,64,45,50,50,50,33,18,Common,dragon,dragon
148,dragonair,61,84,65,70,70,70,165,40,Common,dragon,dragon
149,dragonite,91,134,95,100,100,80,2100,22,Common,dragon,flying
150,mewtwo,106,110,90,154,90,130,1220,20,Legendary,psychic,psychic
151,mew,100,100,100,100,100,100,40,4,Mythical,psychic,psychic
152,chikorita,45,49,65,49,65,45,64,9,Common,grass,grass
153,bayleef,60,62,80,63,80,60,158,12,Common,grass,grass
154,meganium,80,82,100,83,100,80,1005,18,Common,grass,grass
155,cyndaquil,39,52,43,60,50,65,79,5,Common,fire,fire
156,quilava,58,64,58,80,65,80,190,9,Common,fire,fire
157,typhlosion,78,84,78,109,85,100,795,17,Common,fire,fire
158,totodile,50,65,64,44,48,43,95,6,Common,water,water
159,croconaw,65,80,80,59,63,58,250,11,Common,water,water
160,feraligatr,85,105,100,79,83,78,888,23,Common,water,water
161,sentret,35,46,34,35,45,20,60,8,Common,normal,normal
162,furret,85,76,64,45,55,90,325,18,Common,normal,normal
163,hoothoot,60,30,30,36,56,50,212,7,Common,normal,flying
164,noctowl,100,50,50,86,96,70,408,16,Common,normal,flying
165,ledyba,40,20,30,40,80,55,108,10,Common,bug,flying
166,ledian,55,35,50,55,110,85,356,14,Common,bug,flying
167,spinarak,40,60,40,40,40,30,85,5,Common,bug,poison
168,ariados,70,90,70,60,70,40,335,11,Common,bug,poison
169,crobat,85,90,80,70,80,130,750,18,Common,poison,flying
170,chinchou,75,38,38,56,56,67,120,5,Common,water,electric
171,lanturn,125,58,58,76,76,67,225,12,Common,water,electric
172,pichu,20,40,15,35,35,60,20,3,Common,electric,electric
173,cleffa,50,25,28,45,55,15,30,3,Common,fairy,fairy
174,igglybuff,90,30,15,40,20,15,10,3,Common,normal,fairy
175,togepi,35,20,65,40,65,20,15,3,Common,fairy,fairy
176,togetic,55,40,85,80,105,40,32,6,Common,fairy,flying
177,natu,40,50,45,70,45,70,20,2,Common,psychic,flying
178,xatu,65,75,70,95,70,95,150,15,Common,psychic,flying
179,mareep,55,40,40,65,45,35,78,6,Common,electric,electric
180,flaaffy,70,55,55,80,60,45,133,8,Common,electric,electric
181,ampharos,90,75,85,115,90,55,615,14,Common,electric,electric
182,bellossom,75,80,95,90,100,50,58,4,Common,grass,grass
183,marill,70,20,50,20,50,40,85,4,Common,water,fairy
184,azumarill,100,50,80,60,80,50,285,8,Common,water,fairy
185,sudowoodo,70,100,115,30,65,30,380,12,Common,rock,rock
186,politoed,90,75,75,90,100,70,339,11,Common,water,water
187,hoppip,35,35,40,35,55,50,5,4,Common,grass,flying
188,skiploom,55,45,50,45,65,80,10,6,Common,grass,flying
189,jumpluff,75,55,70,55,95,110,30,8,Common,grass,flying
190,aipom,55,70,55,40,55,85,115,8,Common,normal,normal
191,sunkern,30,30,30,30,30,30,18,3,Common,grass,grass
192,sunflora,75,75,55,105,85,30,85,8,Common,grass,grass
193,yanma,65,65,45,75,45,95,380,12,Common,bug,flying
194,wooper,55,45,45,25,25,15,85,4,Common,water,ground
195,quagsire,95,85,85,65,65,35,750,14,Common,water,ground
196,espeon,65,65,60,130,95,110,265,9,Common,psychic,psychic
197,umbreon,95,65,110,60,130,65,270,10,Common,dark,dark
198,murkrow,60,85,42,85,42,91,21,5,Common,dark,flying
199,slowking,95,75,80,100,110,30,795,20,Common,water,psychic
200,misdreavus,60,60,60,85,85,85,10,7,Common,ghost,ghost
201,unown,48,72,48,72,48,48,50,5,Common,psychic,psychic
202,wobbuffet,190,33,58,33,58,33,285,13,Common,psychic,psychic
203,girafarig,70,80,65,90,65,85,415,15,Common,normal,psychic
204,pineco,50,65,90,35,35,15,72,6,Common,bug,bug
205,forretress,75,90,140,60,60,40,1258,12,Common,bug,steel
206,dunsparce,100,70,70,65,65,45,140,15,Common,normal,normal
207,gligar,65,75,105,35,65,85,648,11,Common,ground,flying
208,steelix,75,85,200,55,65,30,4000,92,Common,steel,ground
209,snubbull,60,80,50,40,40,30,78,6,Common,fairy,fairy
210,granbull,90,120,75,60,60,45,487,14,Common,fairy,fairy
211,qwilfish,65,95,85,55,55,85,39,5,Common,water,poison
212,scizor,70,130,100,55,80,65,1180,18,Common,bug,steel
213,shuckle,20,10,230,10,230,5,205,6,Common,bug,rock
214,heracross,80,125,75,40,95,85,540,15,Common,bug,fighting
215,sneasel,55,95,55,35,75,115,280,9,Common,dark,ice
216,teddiursa,60,80,50,50,50,40,88,6,Common,normal,normal
217,ursaring,90,130,75,75,75,55,1258,18,Common,normal,normal
218,slugma,40,40,40,70,40,20,350,7,Common,fire,fire
219,magcargo,60,50,120,90,80,30,550,8,Common,fire,rock
220,swinub,50,50,40,30,30,50,65,4,Common,ice,ground
221,piloswine,100,100,80,60,60,50,558,11,Common,ice,ground
222,corsola,65,55,95,65,95,35,50,6,Common,water,rock
223,remoraid,35,65,35,65,35,65,120,6,Common,water,water
224,octillery,75,105,75,105,75,45,285,9,Common,water,water
225,delibird,45,55,45,65,45,75,160,9,Common,ice,flying
226,mantine,85,40,70,80,140,70,2200,21,Common,water,flying
227,skarmory,65,80,140,40,70,70,505,17,Common,steel,flying
228,houndour,45,60,30,80,50,65,108,6,Common,dark,fire
229,houndoom,75,90,50,110,80,95,350,14,Common,dark,fire
230,kingdra,75,95,95,95,95,85,1520,18,Common,water,dragon
231,phanpy,90,60,60,40,40,40,335,5,Common,ground,ground
232,donphan,90,120,120,60,60,50,1200,11,Common,ground,ground
233,porygon2,85,80,90,105,95,60,325,6,Common,normal,normal
234,stantler,73,95,62,85,65,85,712,14,Common,normal,normal
235,smeargle,55,20,35,20,45,75,580,12,Common,normal,normal
236,tyrogue,35,35,35,35,35,35,210,7,Common,fighting,fighting
237,hitmontop,50,95,95,35,110,70,480,14,Common,fighting,fighting
238,smoochum,45,30,15,85,65,65,60,4,Common,ice,psychic
239,elekid,45,63,37,65,55,95,235,6,Common,electric,electric
240,magby,45,75,37,70,55,83,214,7,Common,fire,fire
241,miltank,95,80,105,40,70,100,755,12,Common,normal,normal
242,blissey,255,10,10,75,135,55,468,15,Common,normal,normal
243,raikou,90,85,75,115,100,115,1780,19,Legendary,electric,electric
244,entei,115,115,85,90,75,100,1980,21,Legendary,fire,fire
245,suicune,100,75,115,90,115,85,1870,20,Legendary,water,water
246,larvitar,50,64,50,45,50,41,720,6,Common,rock,ground
247,pupitar,70,84,70,65,70,51,1520,12,Common,rock,ground
248,tyranitar,100,134,110,95,100,61,2020,20,Common,rock,dark
249,lugia,106,90,130,90,154,110,2160,52,Legendary,psychic,flying
250,ho-oh,106,130,90,110,154,90,1990,38,Legendary,fire,flying
251,celebi,100,100,100,100,100,100,50,6,Mythical,psychic,grass
252,treecko,40,45,35,65,55,70,50,5,Common,grass,grass
253,grovyle,50,65,45,85,65,95,216,9,Common,grass,grass
254,sceptile,70,85,65,105,85,120,522,17,Common,grass,grass
255,torchic,45,60,40,70,50,45,25,4,Common,fire,fire
256,combusken,60,85,60,85,60,55,195,9,Common,fire,fighting
257,blaziken,80,120,70,110,70,80,520,19,Common,fire,fighting
258,mudkip,50,70,50,50,50,40,76,4,Common,water,water
259,marshtomp,70,85,70,60,70,50,280,7,Common,water,ground
260,swampert,100,110,90,85,90,60,819,15,Common,water,ground
261,poochyena,35,55,35,30,30,35,136,5,Common,dark,dark
262,mightyena,70,90,70,60,60,70,370,10,Common,dark,dark
263,zigzagoon,38,30,41,30,41,60,175,4,Common,normal,normal
264,linoone,78,70,61,50,61,100,325,5,Common,normal,normal
265,wurmple,45,45,35,20,30,20,36,3,Common,bug,bug
266,silcoon,50,35,55,25,25,15,100,6,Common,bug,bug
267,beautifly,60,70,50,100,50,65,284,10,Common,bug,flying
268,cascoon,50,35,55,25,25,15,115,7,Common,bug,bug
269,dustox,60,50,70,50,90,65,316,12,Common,bug,poison
270,lotad,40,30,30,40,50,30,26,5,Common,water,grass
271,lombre,60,50,50,60,70,50,325,12,Common,water,grass
272,ludicolo,80,70,70,90,100,70,550,15,Common,water,grass
273,seedot,40,40,50,30,30,30,40,5,Common,grass,grass
274,nuzleaf,70,70,40,60,40,60,280,10,Common,grass,dark
275,shiftry,90,100,60,90,60,80,596,13,Common,grass,dark
276,taillow,40,55,30,30,30,85,23,3,Common,normal,flying
277,swellow,60,85,60,75,50,125,198,7,Common,normal,flying
278,wingull,40,30,30,55,30,85,95,6,Common,water,flying
279,pelipper,60,50,100,95,70,65,280,12,Common,water,flying
280,ralts,28,25,25,45,35,40,66,4,Common,psychic,fairy
281,kirlia,38,35,35,65,55,50,202,8,Common,psychic,fairy
282,gardevoir,68,65,65,125,115,80,484,16,Common,psychic,fairy
283,surskit,40,30,32,50,52,65,17,5,Common,bug,water
284,masquerain,70,60,62,100,82,80,36,8,Common,bug,flying
285,shroomish,60,40,60,40,60,35,45,4,Common,grass,grass
286,breloom,60,130,80,60,60,70,392,12,Common,grass,fighting
287,slakoth,60,60,60,35,35,30,240,8,Common,normal,normal
288,vigoroth,80,80,80,55,55,90,465,14,Common,normal,normal
289,slaking,150,160,100,95,65,100,1305,20,Common,normal,normal
290,nincada,31,45,90,30,30,40,55,5,Common,bug,ground
291,ninjask,61,90,45,50,50,160,120,8,Common,bug,flying
292,shedinja,1,90,45,30,30,40,12,8,Common,bug,ghost
293,whismur,64,51,23,51,23,28,163,6,Common,normal,normal
294,loudred,84,71,43,71,43,48,405,10,Common,normal,normal
295,exploud,104,91,63,91,73,68,840,15,Common,normal,normal
296,makuhita,72,60,30,20,30,25,864,10,Common,fighting,fighting
297,hariyama,144,120,60,40,60,50,2538,23,Common,fighting,fighting
298,azurill,50,20,40,20,40,20,20,2,Common,normal,fairy
299,nosepass,30,45,135,45,90,30,970,10,Common,rock,rock
300,skitty,50,45,45,35,35,50,110,6,Common,normal,normal
301,delcatty,70,65,65,55,55,90,326,11,Common,normal,normal
302,sableye,50,75,75,65,65,50,110,5,Common,dark,ghost
303,mawile,50,85,85,55,55,50,115,6,Common,steel,fairy
304,aron,50,70,100,40,40,30,600,4,Common,steel,rock
305,lairon,60,90,140,50,50,40,1200,9,Common,steel,rock
306,aggron,70,110,180,60,60,50,3600,21,Common,steel,rock
307,meditite,30,40,55,40,55,60,112,6,Common,fighting,psychic
308,medicham,60,60,75,60,75,80,315,13,Common,fighting,psychic
309,electrike,40,45,40,65,40,65,152,6,Common,electric,electric
310,manectric,70,75,60,105,60,105,402,15,Common,electric,electric
311,plusle,60,50,40,85,75,95,42,4,Common,electric,electric
312,minun,60,40,50,75,85,95,42,4,Common,electric,electric
313,volbeat,65,73,75,47,85,85,177,7,Common,bug,bug
314,illumise,65,47,75,73,85,85,177,6,Common,bug,bug
315,roselia,50,60,45,100,80,65,20,3,Common,grass,poison
316,gulpin,70,43,53,43,53,40,103,4,Common,poison,poison
317,swalot,100,73,83,73,83,55,800,17,Common,poison,poison
318,carvanha,45,90,20,65,20,65,208,8,Common,water,dark
319,sharpedo,70,120,40,95,40,95,888,18,Common,water,dark
320,wailmer,130,70,35,70,35,60,1300,20,Common,water,water
321,wailord,170,90,45,90,45,60,3980,145,Common,water,water
322,numel,60,60,40,65,45,35,240,7,Common,fire,ground
323,camerupt,70,100,70,105,75,40,2200,19,Common,fire,ground
324,torkoal,70,85,140,85,70,20,804,5,Common,fire,fire
325,spoink,60,25,35,70,80,60,306,7,Common,psychic,psychic
326,grumpig,80,45,65,90,110,80,715,9,Common,psychic,psychic
327,spinda,60,60,60,60,60,60,50,11,Common,normal,normal
328,trapinch,45,100,45,45,45,10,150,7,Common,ground,ground
329,vibrava,50,70,50,50,50,70,153,11,Common,ground,dragon
330,flygon,80,100,80,80,80,100,820,20,Common,ground,dragon
331,cacnea,50,85,40,85,40,35,513,4,Common,grass,grass
332,cacturne,70,115,60,115,60,55,774,13,Common,grass,dark
333,swablu,45,40,60,40,75,50,12,4,Common,normal,flying
334,altaria,75,70,90,70,105,80,206,11,Common,dragon,flying
335,zangoose,73,115,60,60,60,90,403,13,Common,normal,normal
336,seviper,73,100,60,100,60,65,525,27,Common,poison,poison
337,lunatone,90,55,65,95,85,70,1680,10,Common,rock,psychic
338,solrock,90,95,85,55,65,70,1540,12,Common,rock,psychic
339,barboach,50,48,43,46,41,60,19,4,Common,water,ground
340,whiscash,110,78,73,76,71,60,236,9,Common,water,ground
341,corphish,43,80,65,50,35,35,115,6,Common,water,water
342,crawdaunt,63,120,85,90,55,55,328,11,Common,water,dark
343,baltoy,40,40,55,40,70,55,215,5,Common,ground,psychic
344,claydol,60,70,105,70,120,75,1080,15,Common,ground,psychic
345,lileep,66,41,77,61,87,23,238,10,Common,rock,grass
346,cradily,86,81,97,81,107,43,604,15,Common,rock,grass
347,anorith,45,95,50,40,50,75,125,7,Common,rock,bug
348,armaldo,75,125,100,70,80,45,682,15,Common,rock,bug
349,feebas,20,15,20,10,55,80,74,6,Common,water,water
350,milotic,95,60,79,100,125,81,1620,62,Common,water,water
351,castform,70,70,70,70,70,70,8,3,Common,normal,normal
352,kecleon,60,90,70,60,120,40,220,10,Common,normal,normal
353,shuppet,44,75,35,63,33,45,23,6,Common,ghost,ghost
354,banette,64,115,65,83,63,65,125,11,Common,ghost,ghost
355,duskull,20,40,90,30,90,25,150,8,Common,ghost,ghost
356,dusclops,40,70,130,60,130,25,306,16,Common,ghost,ghost
357,tropius,99,68,83,72,87,51,1000,20,Common,grass,flying
358,chimecho,75,50,80,95,90,65,10,6,Common,psychic,psychic
359,absol,65,130,60,75,60,75,470,12,Common,dark,dark
360,wynaut,95,23,48,23,48,23,140,6,Common,psychic,psychic
361,snorunt,50,50,50,50,50,50,168,7,Common,ice,ice
362,glalie,80,80,80,80,80,80,2565,15,Common,ice,ice
363,spheal,70,40,50,55,50,25,395,8,Common,ice,water
364,sealeo,90,60,70,75,70,45,876,11,Common,ice,water
365,walrein,110,80,90,95,90,65,1506,14,Common,ice,water
366,clamperl,35,64,85,74,55,32,525,4,Common,water,water
367,huntail,55,104,105,94,75,52,270,17,Common,water,water
368,gorebyss,55,84,105,114,75,52,226,18,Common,water,water
369,relicanth,100,90,130,45,65,55,234,10,Common,water,rock
370,luvdisc,43,30,55,40,65,97,87,6,Common,water,water
371,bagon,45,75,60,40,30,50,421,6,Common,dragon,dragon
372,shelgon,65,95,100,60,50,50,1105,11,Common,dragon,dragon
373,salamence,95,135,80,110,80,100,1026,15,Common,dragon,flying
374,beldum,40,55,80,35,60,30,952,6,Common,steel,psychic
375,metang,60,75,100,55,80,50,2025,12,Common,steel,psychic
376,metagross,80,135,130,95,90,70,5500,16,Common,steel,psychic
377,regirock,80,100,200,50,100,50,2300,17,Legendary,rock,rock
378,regice,80,50,100,100,200,50,1750,18,Legendary,ice,ice
379,registeel,80,75,150,75,150,50,2050,19,Legendary,steel,steel
380,latias,80,80,90,110,130,110,400,14,Legendary,dragon,psychic
381,latios,80,90,80,130,110,110,600,20,Legendary,dragon,psychic
382,kyogre,100,100,90,150,140,90,3520,45,Legendary,water,water
383,groudon,100,150,140,100,90,90,9500,35,Legendary,ground,ground
384,rayquaza,105,150,90,150,90,95,2065,70,Legendary,dragon,flying
385,jirachi,100,100,100,100,100,100,11,3,Mythical,steel,psychic
386,deoxys-normal,50,150,50,150,50,150,608,17,Mythical,psychic,psychic
387,turtwig,55,68,64,45,55,31,102,4,Common,grass,grass
388,grotle,75,89,85,55,65,36,970,11,Common,grass,grass
389,torterra,95,109,105,75,85,56,3100,22,Common,grass,ground
390,chimchar,44,58,44,58,44,61,62,5,Common,fire,fire
391,monferno,64,78,52,78,52,81,220,9,Common,fire,fighting
392,infernape,76,104,71,104,71,108,550,12,Common,fire,fighting
393,piplup,53,51,53,61,56,40,52,4,Common,water,water
394,prinplup,64,66,68,81,76,50,230,8,Common,water,water
395,empoleon,84,86,88,111,101,60,845,17,Common,water,steel
396,starly,40,55,30,30,30,60,20,3,Common,normal,flying
397,staravia,55,75,50,40,40,80,155,6,Common,normal,flying
398,staraptor,85,120,70,50,60,100,249,12,Common,normal,flying
399,bidoof,59,45,40,35,40,31,200,5,Common,normal,normal
400,bibarel,79,85,60,55,60,71,315,10,Common,normal,water
401,kricketot,37,25,41,25,41,25,22,3,Common,bug,bug
402,kricketune,77,85,51,55,51,65,255,10,Common,bug,bug
403,shinx,45,65,34,40,34,45,95,5,Common,electric,electric
404,luxio,60,85,49,60,49,60,305,9,Common,electric,electric
405,luxray,80,120,79,95,79,70,420,14,Common,electric,electric
406,budew,40,30,35,50,70,55,12,2,Common,grass,poison
407,roserade,60,70,65,125,105,90,145,9,Common,grass,poison
408,cranidos,67,125,40,30,30,58,315,9,Common,rock,rock
409,rampardos,97,165,60,65,50,58,1025,16,Common,rock,rock
410,shieldon,30,42,118,42,88,30,570,5,Common,rock,steel
411,bastiodon,60,52,168,47,138,30,1495,13,Common,rock,steel
412,burmy,40,29,45,29,45,36,34,2,Common,bug,bug
413,wormadam-plant,60,59,85,79,105,36,65,5,Common,bug,grass
414,mothim,70,94,50,94,50,66,233,9,Common,bug,flying
415,combee,30,30,42,30,42,70,55,3,Common,bug,flying
416,vespiquen,70,80,102,80,102,40,385,12,Common,bug,flying
417,pachirisu,60,45,70,45,90,95,39,4,Common,electric,electric
418,buizel,55,65,35,60,30,85,295,7,Common,water,water
419,floatzel,85,105,55,85,50,115,335,11,Common,water,water
420,cherubi,45,35,45,62,53,35,33,4,Common,grass,grass
421,cherrim,70,60,70,87,78,85,93,5,Common,grass,grass
422,shellos,76,48,48,57,62,34,63,3,Common,water,water
423,gastrodon,111,83,68,92,82,39,299,9,Common,water,ground
424,ambipom,75,100,66,60,66,115,203,12,Common,normal,normal
425,drifloon,90,50,34,60,44,70,12,4,Common,ghost,flying
426,drifblim,150,80,44,90,54,80,150,12,Common,ghost,flying
427,buneary,55,66,44,44,56,85,55,4,Common,normal,normal
428,lopunny,65,76,84,54,96,105,333,12,Common,normal,normal
429,mismagius,60,60,60,105,105,105,44,9,Common,ghost,ghost
430,honchkrow,100,125,52,105,52,71,273,9,Common,dark,flying
431,glameow,49,55,42,42,37,85,39,5,Common,normal,normal
432,purugly,71,82,64,64,59,112,438,10,Common,normal,normal
433,chingling,45,30,50,65,50,45,6,2,Common,psychic,psychic
434,stunky,63,63,47,41,41,74,192,4,Common,poison,dark
435,skuntank,103,93,67,71,61,84,380,10,Common,poison,dark
436,bronzor,57,24,86,24,86,23,605,5,Common,steel,psychic
437,bronzong,67,89,116,79,116,33,1870,13,Common,steel,psychic
438,bonsly,50,80,95,10,45,10,150,5,Common,rock,rock
439,mime-jr,20,25,45,70,90,60,130,6,Common,psychic,fairy
440,happiny,100,5,5,15,65,30,244,6,Common,normal,normal
441,chatot,76,65,45,92,42,91,19,5,Common,normal,flying
442,spiritomb,50,92,108,92,108,35,1080,10,Common,ghost,dark
443,gible,58,70,45,40,45,42,205,7,Common,dragon,ground
444,gabite,68,90,65,50,55,82,560,14,Common,dragon,ground
445,garchomp,108,130,95,80,85,102,950,19,Common,dragon,ground
446,munchlax,135,85,40,40,85,5,1050,6,Common,normal,normal
447,riolu,40,70,40,35,40,60,202,7,Common,fighting,fighting
448,lucario,70,110,70,115,70,90,540,12,Common,fighting,steel
449,hippopotas,68,72,78,38,42,32,495,8,Common,ground,ground
450,hippowdon,108,112,118,68,72,47,3000,20,Common,ground,ground
451,skorupi,40,50,90,30,55,65,120,8,Common,poison,bug
452,drapion,70,90,110,60,75,95,615,13,Common,poison,dark
453,croagunk,48,61,40,61,40,50,230,7,Common,poison,fighting
454,toxicroak,83,106,65,86,65,85,444,13,Common,poison,fighting
455,carnivine,74,100,72,90,72,46,270,14,Common,grass,grass
456,finneon,49,49,56,49,61,66,70,4,Common,water,water
457,lumineon,69,69,76,69,86,91,240,12,Common,water,water
458,mantyke,45,20,50,60,120,50,650,10,Common,water,flying
459,snover,60,62,50,62,60,40,505,10,Common,grass,ice
460,abomasnow,90,92,75,92,85,60,1355,22,Common,grass,ice
461,weavile,70,120,65,45,85,125,340,11,Common,dark,ice
462,magnezone,70,70,115,130,90,60,1800,12,Common,electric,steel
463,lickilicky,110,85,95,80,95,50,1400,17,Common,normal,normal
464,rhyperior,115,140,130,55,55,40,2828,24,Common,ground,rock
465,tangrowth,100,100,125,110,50,50,1286,20,Common,grass,grass
466,electivire,75,123,67,95,85,95,1386,18,Common,electric,electric
467,magmortar,75,95,67,125,95,83,680,16,Common,fire,fire
468,togekiss,85,50,95,120,115,80,380,15,Common,fairy,flying
469,yanmega,86,76,86,116,56,95,515,19,Common,bug,flying
470,leafeon,65,110,130,60,65,95,255,10,Common,grass,grass
471,glaceon,65,60,110,130,95,65,259,8,Common,ice,ice
472,gliscor,75,95,125,45,75,95,425,20,Common,ground,flying
473,mamoswine,110,130,80,70,60,80,2910,25,Common,ice,ground
474,porygon-z,85,80,70,135,75,90,340,9,Common,normal,normal
475,gallade,68,125,65,65,115,80,520,16,Common,psychic,fighting
476,probopass,60,55,145,75,150,40,3400,14,Common,rock,steel
477,dusknoir,45,100,135,65,135,45,1066,22,Common,ghost,ghost
478,froslass,70,80,70,80,70,110,266,13,Common,ice,ghost
479,rotom,50,50,77,95,77,91,3,3,Common,electric,ghost
480,uxie,75,75,130,75,130,95,3,3,Legendary,psychic,psychic
481,mesprit,80,105,105,105,105,80,3,3,Legendary,psychic,psychic
482,azelf,75,125,70,125,70,115,3,3,Legendary,psychic,psychic
483,dialga,100,120,120,150,100,90,6830,54,Legendary,steel,dragon
484,palkia,90,120,100,150,120,100,3360,42,Legendary,water,dragon
485,heatran,91,90,106,130,106,77,4300,17,Legendary,fire,steel
486,regigigas,110,160,110,80,110,100,4200,37,Legendary,normal,normal
487,giratina-altered,150,100,120,100,120,90,7500,45,Legendary,ghost,dragon
488,cresselia,120,70,120,75,130,85,856,15,Legendary,psychic,psychic
489,phione,80,80,80,80,80,80,31,4,Mythical,water,water
490,manaphy,100,100,100,100,100,100,14,3,Mythical,water,water
491,darkrai,70,90,90,135,90,125,505,15,Mythical,dark,dark
492,shaymin-land,100,100,100,100,100,100,21,2,Mythical,grass,grass
493,arceus,120,120,120,120,120,120,3200,32,Mythical,normal,normal
494,victini,100,100,100,100,100,100,40,4,Mythical,psychic,fire
495,snivy,45,45,55,45,55,63,81,6,Common,grass,grass
496,servine,60,60,75,60,75,83,160,8,Common,grass,grass
497,serperior,75,75,95,75,95,113,630,33,Common,grass,grass
498,tepig,65,63,45,45,45,45,99,5,Common,fire,fire
499,pignite,90,93,55,70,55,55,555,10,Common,fire,fighting
500,emboar,110,123,65,100,65,65,1500,16,Common,fire,fighting
501,oshawott,55,55,45,63,45,45,59,5,Common,water,water
502,dewott,75,75,60,83,60,60,245,8,Common,water,water
503,samurott,95,100,85,108,70,70,946,15,Common,water,water
504,patrat,45,55,39,35,39,42,116,5,Common,normal,normal
505,watchog,60,85,69,60,69,77,270,11,Common,normal,normal
506,lillipup,45,60,45,25,45,55,41,4,Common,normal,normal
507,herdier,65,80,65,35,65,60,147,9,Common,normal,normal
508,stoutland,85,110,90,45,90,80,610,12,Common,normal,normal
509,purrloin,41,50,37,50,37,66,101,4,Common,dark,dark
510,liepard,64,88,50,88,50,106,375,11,Common,dark,dark
511,pansage,50,53,48,53,48,64,105,6,Common,grass,grass
512,simisage,75,98,63,98,63,101,305,11,Common,grass,grass
513,pansear,50,53,48,53,48,64,110,6,Common,fire,fire
514,simisear,75,98,63,98,63,101,280,10,Common,fire,fire
515,panpour,50,53,48,53,48,64,135,6,Common,water,water
516,simipour,75,98,63,98,63,101,290,10,Common,water,water
517,munna,76,25,45,67,55,24,233,6,Common,psychic,psychic
518,musharna,116,55,85,107,95,29,605,11,Common,psychic,psychic
519,pidove,50,55,50,36,30,43,21,3,Common,normal,flying
520,tranquill,62,77,62,50,42,65,150,6,Common,normal,flying
521,unfezant,80,115,80,65,55,93,290,12,Common,normal,flying
522,blitzle,45,60,32,50,32,76,298,8,Common,electric,electric
523,zebstrika,75,100,63,80,63,116,795,16,Common,electric,electric
524,roggenrola,55,75,85,25,25,15,180,4,Common,rock,rock
525,boldore,70,105,105,50,40,20,1020,9,Common,rock,rock
526,gigalith,85,135,130,60,80,25,2600,17,Common,rock,rock
527,woobat,65,45,43,55,43,72,21,4,Common,psychic,flying
528,swoobat,67,57,55,77,55,114,105,9,Common,psychic,flying
529,drilbur,60,85,40,30,45,68,85,3,Common,ground,ground
530,excadrill,110,135,60,50,65,88,404,7,Common,ground,steel
531,audino,103,60,86,60,86,50,310,11,Common,normal,normal
532,timburr,75,80,55,25,35,35,125,6,Common,fighting,fighting
533,gurdurr,85,105,85,40,50,40,400,12,Common,fighting,fighting
534,conkeldurr,105,140,95,55,65,45,870,14,Common,fighting,fighting
535,tympole,50,50,40,50,40,64,45,5,Common,water,water
536,palpitoad,75,65,55,65,55,69,170,8,Common,water,ground
537,seismitoad,105,95,75,85,75,74,620,15,Common,water,ground
538,throh,120,100,85,30,85,45,555,13,Common,fighting,fighting
539,sawk,75,125,75,30,75,85,510,14,Common,fighting,fighting
540,sewaddle,45,53,70,40,60,42,25,3,Common,bug,grass
541,swadloon,55,63,90,50,80,42,73,5,Common,bug,grass
542,leavanny,75,103,80,70,80,92,205,12,Common,bug,grass
543,venipede,30,45,59,30,39,57,53,4,Common,bug,poison
544,whirlipede,40,55,99,40,79,47,585,12,Common,bug,poison
545,scolipede,60,100,89,55,69,112,2005,25,Common,bug,poison
546,cottonee,40,27,60,37,50,66,6,3,Common,grass,fairy
547,whimsicott,60,67,85,77,75,116,66,7,Common,grass,fairy
548,petilil,45,35,50,70,50,30,66,5,Common,grass,grass
549,lilligant,70,60,75,110,75,90,163,11,Common,grass,grass
550,basculin-red-striped,70,92,65,80,55,98,180,10,Common,water,water
551,sandile,50,72,35,35,35,65,152,7,Common,ground,dark
552,krokorok,60,82,45,45,45,74,334,10,Common,ground,dark
553,krookodile,95,117,80,65,70,92,963,15,Common,ground,dark
554,darumaka,70,90,45,15,45,50,375,6,Common,fire,fire
555,darmanitan-standard,105,140,55,30,55,95,929,13,Common,fire,fire
556,maractus,75,86,67,106,67,60,280,10,Common,grass,grass
557,dwebble,50,65,85,35,35,55,145,3,Common,bug,rock
558,crustle,70,105,125,65,75,45,2000,14,Common,bug,rock
559,scraggy,50,75,70,35,70,48,118,6,Common,dark,fighting
560,scrafty,65,90,115,45,115,58,300,11,Common,dark,fighting
561,sigilyph,72,58,80,103,80,97,140,14,Common,psychic,flying
562,yamask,38,30,85,55,65,30,15,5,Common,ghost,ghost
563,cofagrigus,58,50,145,95,105,30,765,17,Common,ghost,ghost
564,tirtouga,54,78,103,53,45,22,165,7,Common,water,rock
565,carracosta,74,108,133,83,65,32,810,12,Common,water,rock
566,archen,55,112,45,74,45,70,95,5,Common,rock,flying
567,archeops,75,140,65,112,65,110,320,14,Common,rock,flying
568,trubbish,50,50,62,40,62,65,310,6,Common,poison,poison
569,garbodor,80,95,82,60,82,75,1073,19,Common,poison,poison
570,zorua,40,65,40,80,40,65,125,7,Common,dark,dark
571,zoroark,60,105,60,120,60,105,811,16,Common,dark,dark
572,minccino,55,50,40,40,40,75,58,4,Common,normal,normal
573,cinccino,75,95,60,65,60,115,75,5,Common,normal,normal
574,gothita,45,30,50,55,65,45,58,4,Common,psychic,psychic
575,gothorita,60,45,70,75,85,55,180,7,Common,psychic,psychic
576,gothitelle,70,55,95,95,110,65,440,15,Common,psychic,psychic
577,solosis,45,30,40,105,50,20,10,3,Common,psychic,psychic
578,duosion,65,40,50,125,60,30,80,6,Common,psychic,psychic
579,reuniclus,110,65,75,125,85,30,201,10,Common,psychic,psychic
580,ducklett,62,44,50,44,50,55,55,5,Common,water,flying
581,swanna,75,87,63,87,63,98,242,13,Common,water,flying
582,vanillite,36,50,50,65,60,44,57,4,Common,ice,ice
583,vanillish,51,65,65,80,75,59,410,11,Common,ice,ice
584,vanilluxe,71,95,85,110,95,79,575,13,Common,ice,ice
585,deerling,60,60,50,40,50,75,195,6,Common,normal,grass
586,sawsbuck,80,100,70,60,70,95,925,19,Common,normal,grass
587,emolga,55,75,60,75,60,103,50,4,Common,electric,flying
588,karrablast,50,75,45,40,45,60,59,5,Common,bug,bug
589,escavalier,70,135,105,60,105,20,330,10,Common,bug,steel
590,foongus,69,55,45,55,55,15,10,2,Common,grass,poison
591,amoonguss,114,85,70,85,80,30,105,6,Common,grass,poison
592,frillish,55,40,50,65,85,40,330,12,Common,water,ghost
593,jellicent,100,60,70,85,105,60,1350,22,Common,water,ghost
594,alomomola,165,75,80,40,45,65,316,12,Common,water,water
595,joltik,50,47,50,57,50,65,6,1,Common,bug,electric
596,galvantula,70,77,60,97,60,108,143,8,Common,bug,electric
597,ferroseed,44,50,91,24,86,10,188,6,Common,grass,steel
598,ferrothorn,74,94,131,54,116,20,1100,10,Common,grass,steel
599,klink,40,55,70,45,60,30,210,3,Common,steel,steel
600,klang,60,80,95,70,85,50,510,6,Common,steel,steel
601,klinklang,60,100,115,70,85,90,810,6,Common,steel,steel
602,tynamo,35,55,40,45,40,60,3,2,Common,electric,electric
603,eelektrik,65,85,70,75,70,40,220,12,Common,electric,electric
604,eelektross,85,115,80,105,80,50,805,21,Common,electric,electric
605,elgyem,55,55,55,85,55,30,90,5,Common,psychic,psychic
606,beheeyem,75,75,75,125,95,40,345,10,Common,psychic,psychic
607,litwick,50,30,55,65,55,20,31,3,Common,ghost,fire
608,lampent,60,40,60,95,60,55,130,6,Common,ghost,fire
609,chandelure,60,55,90,145,90,80,343,10,Common,ghost,fire
610,axew,46,87,60,30,40,57,180,6,Common,dragon,dragon
611,fraxure,66,117,70,40,50,67,360,10,Common,dragon,dragon
612,haxorus,76,147,90,60,70,97,1055,18,Common,dragon,dragon
613,cubchoo,55,70,40,60,40,40,85,5,Common,ice,ice
614,beartic,95,130,80,70,80,50,2600,26,Common,ice,ice
615,cryogonal,80,50,50,95,135,105,1480,11,Common,ice,ice
616,shelmet,50,40,85,40,65,25,77,4,Common,bug,bug
617,accelgor,80,70,40,100,60,145,253,8,Common,bug,bug
618,stunfisk,109,66,84,81,99,32,110,7,Common,ground,electric
619,mienfoo,45,85,50,55,50,65,200,9,Common,fighting,fighting
620,mienshao,65,125,60,95,60,105,355,14,Common,fighting,fighting
621,druddigon,77,120,90,60,90,48,1390,16,Common,dragon,dragon
622,golett,59,74,50,35,50,35,920,10,Common,ground,ghost
623,golurk,89,124,80,55,80,55,3300,28,Common,ground,ghost
624,pawniard,45,85,70,40,40,60,102,5,Common,dark,steel
625,bisharp,65,125,100,60,70,70,700,16,Common,dark,steel
626,bouffalant,95,110,95,40,95,55,946,16,Common,normal,normal
627,rufflet,70,83,50,37,50,60,105,5,Common,normal,flying
628,braviary,100,123,75,57,75,80,410,15,Common,normal,flying
629,vullaby,70,55,75,45,65,60,90,5,Common,dark,flying
630,mandibuzz,110,65,105,55,95,80,395,12,Common,dark,flying
631,heatmor,85,97,66,105,66,65,580,14,Common,fire,fire
632,durant,58,109,112,48,48,109,330,3,Common,bug,steel
633,deino,52,65,50,45,50,38,173,8,Common,dark,dragon
634,zweilous,72,85,70,65,70,58,500,14,Common,dark,dragon
635,hydreigon,92,105,90,125,90,98,1600,18,Common,dark,dragon
636,larvesta,55,85,55,50,55,60,288,11,Common,bug,fire
637,volcarona,85,60,65,135,105,100,460,16,Common,bug,fire
638,cobalion,91,90,129,90,72,108,2500,21,Legendary,steel,fighting
639,terrakion,91,129,90,72,90,108,2600,19,Legendary,rock,fighting
640,virizion,91,90,72,90,129,108,2000,20,Legendary,grass,fighting
641,tornadus-incarnate,79,115,70,125,80,111,630,15,Legendary,flying,flying
642,thundurus-incarnate,79,115,70,125,80,111,610,15,Legendary,electric,flying
643,reshiram,100,120,100,150,120,90,3300,32,Legendary,dragon,fire
644,zekrom,100,150,120,120,100,90,3450,29,Legendary,dragon,electric
645,landorus-incarnate,89,125,90,115,80,101,680,15,Legendary,ground,flying
646,kyurem,125,130,90,130,90,95,3250,30,Legendary,dragon,ice
647,keldeo-ordinary,91,72,90,129,90,108,485,14,Mythical,water,fighting
648,meloetta-aria,100,77,77,128,128,90,65,6,Mythical,normal,psychic
649,genesect,71,120,95,120,95,99,825,15,Mythical,bug,steel
650,chespin,56,61,65,48,45,38,90,4,Common,grass,grass
651,quilladin,61,78,95,56,58,57,290,7,Common,grass,grass
652,chesnaught,88,107,122,74,75,64,900,16,Common,grass,fighting
653,fennekin,40,45,40,62,60,60,94,4,Common,fire,fire
654,braixen,59,59,58,90,70,73,145,10,Common,fire,fire
655,delphox,75,69,72,114,100,104,390,15,Common,fire,psychic
656,froakie,41,56,40,62,44,71,70,3,Common,water,water
657,frogadier,54,63,52,83,56,97,109,6,Common,water,water
658,greninja,72,95,67,103,71,122,400,15,Common,water,dark
659,bunnelby,38,36,38,32,36,57,50,4,Common,normal,normal
660,diggersby,85,56,77,50,77,78,424,10,Common,normal,ground
661,fletchling,45,50,43,40,38,62,17,3,Common,normal,flying
662,fletchinder,62,73,55,56,52,84,160,7,Common,fire,flying
663,talonflame,78,81,71,74,69,126,245,12,Common,fire,flying
664,scatterbug,38,35,40,27,25,35,25,3,Common,bug,bug
665,spewpa,45,22,60,27,30,29,84,3,Common,bug,bug
666,vivillon,80,52,50,90,50,89,170,12,Common,bug,flying
667,litleo,62,50,58,73,54,72,135,6,Common,fire,normal
668,pyroar,86,68,72,109,66,106,815,15,Common,fire,normal
669,flabebe,44,38,39,61,79,42,1,1,Common,fairy,fairy
670,floette,54,45,47,75,98,52,9,2,Common,fairy,fairy
671,florges,78,65,68,112,154,75,100,11,Common,fairy,fairy
672,skiddo,66,65,48,62,57,52,310,9,Common,grass,grass
673,gogoat,123,100,62,97,81,68,910,17,Common,grass,grass
674,pancham,67,82,62,46,48,43,80,6,Common,fighting,fighting
675,pangoro,95,124,78,69,71,58,1360,21,Common,fighting,dark
676,furfrou,75,80,60,65,90,102,280,12,Common,normal,normal
677,espurr,62,48,54,63,60,68,35,3,Common,psychic,psychic
678,meowstic-male,74,48,76,83,81,104,85,6,Common,psychic,psychic
679,honedge,45,80,100,35,37,28,20,8,Common,steel,ghost
680,doublade,59,110,150,45,49,35,45,8,Common,steel,ghost
681,aegislash-shield,60,50,140,50,140,60,530,17,Common,steel,ghost
682,spritzee,78,52,60,63,65,23,5,2,Common,fairy,fairy
683,aromatisse,101,72,72,99,89,29,155,8,Common,fairy,fairy
684,swirlix,62,48,66,59,57,49,35,4,Common,fairy,fairy
685,slurpuff,82,80,86,85,75,72,50,8,Common,fairy,fairy
686,inkay,53,54,53,37,46,45,35,4,Common,dark,psychic
687,malamar,86,92,88,68,75,73,470,15,Common,dark,psychic
688,binacle,42,52,67,39,56,50,310,5,Common,rock,water
689,barbaracle,72,105,115,54,86,68,960,13,Common,rock,water
690,skrelp,50,60,60,60,60,30,73,5,Common,poison,water
691,dragalge,65,75,90,97,123,44,815,18,Common,poison,dragon
692,clauncher,50,53,62,58,63,44,83,5,Common,water,water
693,clawitzer,71,73,88,120,89,59,353,13,Common,water,water
694,helioptile,44,38,33,61,43,70,60,5,Common,electric,normal
695,heliolisk,62,55,52,109,94,109,210,10,Common,electric,normal
696,tyrunt,58,89,77,45,45,48,260,8,Common,rock,dragon
697,tyrantrum,82,121,119,69,59,71,2700,25,Common,rock,dragon
698,amaura,77,59,50,67,63,46,252,13,Common,rock,ice
699,aurorus,123,77,72,99,92,58,2250,27,Common,rock,ice
700,sylveon,95,65,65,110,130,60,235,10,Common,fairy,fairy
701,hawlucha,78,92,75,74,63,118,215,8,Common,fighting,flying
702,dedenne,67,58,57,81,67,101,22,2,Common,electric,fairy
703,carbink,50,50,150,50,150,50,57,3,Common,rock,fairy
704,goomy,45,50,35,55,75,40,28,3,Common,dragon,dragon
705,sliggoo,68,75,53,83,113,60,175,8,Common,dragon,dragon
706,goodra,90,100,70,110,150,80,1505,20,Common,dragon,dragon
707,klefki,57,80,91,80,87,75,30,2,Common,steel,fairy
708,phantump,43,70,48,50,60,38,70,4,Common,ghost,grass
709,trevenant,85,110,76,65,82,56,710,15,Common,ghost,grass
710,pumpkaboo-average,49,66,70,44,55,51,50,4,Common,ghost,grass
711,gourgeist-average,65,90,122,58,75,84,125,9,Common,ghost,grass
712,bergmite,55,69,85,32,35,28,995,10,Common,ice,ice
713,avalugg,95,117,184,44,46,28,5050,20,Common,ice,ice
714,noibat,40,30,35,45,40,55,80,5,Common,flying,dragon
715,noivern,85,70,80,97,80,123,850,15,Common,flying,dragon
716,xerneas,126,131,95,131,98,99,2150,30,Legendary,fairy,fairy
717,yveltal,126,131,95,131,98,99,2030,58,Legendary,dark,flying
718,zygarde-50,108,100,121,81,95,95,3050,50,Legendary,dragon,ground
719,diancie,50,100,150,100,150,50,88,7,Mythical,rock,fairy
720,hoopa,80,110,60,150,130,70,90,5,Mythical,psychic,ghost
721,volcanion,80,110,120,130,90,70,1950,17,Mythical,fire,water
722,rowlet,68,55,55,50,50,42,15,3,Common,grass,flying
723,dartrix,78,75,75,70,70,52,160,7,Common,grass,flying
724,decidueye,78,107,75,100,100,70,366,16,Common,grass,ghost
725,litten,45,65,40,60,40,70,43,4,Common,fire,fire
726,torracat,65,85,50,80,50,90,250,7,Common,fire,fire
727,incineroar,95,115,90,80,90,60,830,18,Common,fire,dark
728,popplio,50,54,54,66,56,40,75,4,Common,water,water
729,brionne,60,69,69,91,81,50,175,6,Common,water,water
730,primarina,80,74,74,126,116,60,440,18,Common,water,fairy
731,pikipek,35,75,30,30,30,65,12,3,Common,normal,flying
732,trumbeak,55,85,50,40,50,75,148,6,Common,normal,flying
733,toucannon,80,120,75,75,75,60,260,11,Common,normal,flying
734,yungoos,48,70,30,30,30,45,60,4,Common,normal,normal
735,gumshoos,88,110,60,55,60,45,142,7,Common,normal,normal
736,grubbin,47,62,45,55,45,46,44,4,Common,bug,bug
737,charjabug,57,82,95,55,75,36,105,5,Common,bug,electric
738,vikavolt,77,70,90,145,75,43,450,15,Common,bug,electric
739,crabrawler,47,82,57,42,47,63,70,6,Common,fighting,fighting
740,crabominable,97,132,77,62,67,43,1800,17,Common,fighting,ice
741,oricorio-baile,75,70,70,98,70,93,34,6,Common,fire,flying
742,cutiefly,40,45,40,55,40,84,2,1,Common,bug,fairy
743,ribombee,60,55,60,95,70,124,5,2,Common,bug,fairy
744,rockruff,45,65,40,30,40,60,92,5,Common,rock,rock
745,lycanroc-midday,75,115,65,55,65,112,250,8,Common,rock,rock
746,wishiwashi-solo,45,20,20,25,25,40,3,2,Common,water,water
747,mareanie,50,53,62,43,52,45,80,4,Common,poison,water
748,toxapex,50,63,152,53,142,35,145,7,Common,poison,water
749,mudbray,70,100,70,45,55,45,1100,10,Common,ground,ground
750,mudsdale,100,125,100,55,85,35,9200,25,Common,ground,ground
751,dewpider,38,40,52,40,72,27,40,3,Common,water,bug
752,araquanid,68,70,92,50,132,42,820,18,Common,water,bug
753,fomantis,40,55,35,50,35,35,15,3,Common,grass,grass
754,lurantis,70,105,90,80,90,45,185,9,Common,grass,grass
755,morelull,40,35,55,65,75,15,15,2,Common,grass,fairy
756,shiinotic,60,45,80,90,100,30,115,10,Common,grass,fairy
757,salandit,48,44,40,71,40,77,48,6,Common,poison,fire
758,salazzle,68,64,60,111,60,117,222,12,Common,poison,fire
759,stufful,70,75,50,45,50,50,68,5,Common,normal,fighting
760,bewear,120,125,80,55,60,60,1350,21,Common,normal,fighting
761,bounsweet,42,30,38,30,38,32,32,3,Common,grass,grass
762,steenee,52,40,48,40,48,62,82,7,Common,grass,grass
763,tsareena,72,120,98,50,98,72,214,12,Common,grass,grass
764,comfey,51,52,90,82,110,100,3,1,Common,fairy,fairy
765,oranguru,90,60,80,90,110,60,760,15,Common,normal,psychic
766,passimian,100,120,90,40,60,80,828,20,Common,fighting,fighting
767,wimpod,25,35,40,20,30,80,120,5,Common,bug,water
768,golisopod,75,125,140,60,90,40,1080,20,Common,bug,water
769,sandygast,55,55,80,70,45,15,700,5,Common,ghost,ground
770,palossand,85,75,110,100,75,35,2500,13,Common,ghost,ground
771,pyukumuku,55,60,130,30,130,5,12,3,Common,water,water
772,type-null,95,95,95,95,95,59,1205,19,Common,normal,normal
773,silvally,95,95,95,95,95,95,1005,23,Legendary,normal,normal
774,minior-red-meteor,60,60,100,60,100,60,400,3,Common,rock,flying
775,komala,65,115,65,75,95,65,199,4,Common,normal,normal
776,turtonator,60,78,135,91,85,36,2120,20,Common,fire,dragon
777,togedemaru,65,98,63,40,73,96,33,3,Common,electric,steel
778,mimikyu-disguised,55,90,80,50,105,96,7,2,Common,ghost,fairy
779,bruxish,68,105,70,70,70,92,190,9,Common,water,psychic
780,drampa,78,60,85,135,91,36,1850,30,Common,normal,dragon
781,dhelmise,70,131,100,86,90,40,2100,39,Common,ghost,grass
782,jangmo-o,45,55,65,45,45,45,297,6,Common,dragon,dragon
783,hakamo-o,55,75,90,65,70,65,470,12,Common,dragon,fighting
784,kommo-o,75,110,125,100,105,85,782,16,Common,dragon,fighting
785,tapu-koko,70,115,85,95,75,130,205,18,Legendary,electric,fairy
786,tapu-lele,70,85,75,130,115,95,186,12,Legendary,psychic,fairy
787,tapu-bulu,70,130,115,85,95,75,455,19,Legendary,grass,fairy
788,tapu-fini,70,75,115,95,130,85,212,13,Legendary,water,fairy
789,cosmog,43,29,31,29,31,37,1,2,Legendary,psychic,psychic
790,cosmoem,43,29,131,29,131,37,9999,1,Legendary,psychic,psychic
791,solgaleo,137,137,107,113,89,97,2300,34,Legendary,psychic,steel
792,lunala,137,113,89,137,107,97,1200,40,Legendary,psychic,ghost
793,nihilego,109,53,47,127,131,103,555,12,Common,rock,poison
794,buzzwole,107,139,139,53,53,79,3336,24,Common,bug,fighting
795,pheromosa,71,137,37,137,37,151,250,18,Common,bug,fighting
796,xurkitree,83,89,71,173,71,83,1000,38,Common,electric,electric
797,celesteela,97,101,103,107,101,61,9999,92,Common,steel,flying
798,kartana,59,181,131,59,31,109,1,3,Common,grass,steel
799,guzzlord,223,101,53,97,53,43,8880,55,Common,dark,dragon
800,necrozma,97,107,101,127,89,79,2300,24,Legendary,psychic,psychic
801,magearna,80,95,115,130,115,65,805,10,Mythical,steel,fairy
802,marshadow,90,125,80,90,90,125,222,7,Mythical,fighting,ghost
803,poipole,67,73,67,73,67,73,18,6,Common,poison,poison
804,naganadel,73,73,73,127,73,121,1500,36,Common,poison,dragon
805,stakataka,61,131,211,53,101,13,8200,55,Common,rock,steel
806,blacephalon,53,127,53,151,79,107,130,18,Common,fire,ghost
807,zeraora,88,112,75,102,80,143,445,15,Mythical,electric,electric
808,meltan,46,65,65,55,35,34,80,2,Mythical,steel,steel
809,melmetal,135,143,143,80,65,34,8000,25,Mythical,steel,steel
810,grookey,50,65,50,40,40,65,50,3,Common,grass,grass
811,thwackey,70,85,70,55,60,80,140,7,Common,grass,grass
812,rillaboom,100,125,90,60,70,85,900,21,Common,grass,grass
813,scorbunny,50,71,40,40,40,69,45,3,Common,fire,fire
814,raboot,65,86,60,55,60,94,90,6,Common,fire,fire
815,cinderace,80,116,75,65,75,119,330,14,Common,fire,fire
816,sobble,50,40,40,70,40,70,40,3,Common,water,water
817,drizzile,65,60,55,95,55,90,115,7,Common,water,water
818,inteleon,70,85,65,125,65,120,452,19,Common,water,water
819,skwovet,70,55,55,35,35,25,25,3,Common,normal,normal
820,greedent,120,95,95,55,75,20,60,6,Common,normal,normal
821,rookidee,38,47,35,33,35,57,18,2,Common,flying,flying
822,corvisquire,68,67,55,43,55,77,160,8,Common,flying,flying
823,corviknight,98,87,105,53,85,67,750,22,Common,flying,steel
824,blipbug,25,20,20,25,45,45,80,4,Common,bug,bug
825,dottler,50,35,80,50,90,30,195,4,Common,bug,psychic
826,orbeetle,60,45,110,80,120,90,408,4,Common,bug,psychic
827,nickit,40,28,28,47,52,50,89,6,Common,dark,dark
828,thievul,70,58,58,87,92,90,199,12,Common,dark,dark
829,gossifleur,40,40,60,40,60,10,22,4,Common,grass,grass
830,eldegoss,60,50,90,80,120,60,25,5,Common,grass,grass
831,wooloo,42,40,55,40,45,48,60,6,Common,normal,normal
832,dubwool,72,80,100,60,90,88,430,13,Common,normal,normal
833,chewtle,50,64,50,38,38,44,85,3,Common,water,water
834,drednaw,90,115,90,48,68,74,1155,10,Common,water,rock
835,yamper,59,45,50,40,50,26,135,3,Common,electric,electric
836,boltund,69,90,60,90,60,121,340,10,Common,electric,electric
837,rolycoly,30,40,50,40,50,30,120,3,Common,rock,rock
838,carkol,80,60,90,60,70,50,780,11,Common,rock,fire
839,coalossal,110,80,120,80,90,30,3105,28,Common,rock,fire
840,applin,40,40,80,40,40,20,5,2,Common,grass,dragon
841,flapple,70,110,80,95,60,70,10,3,Common,grass,dragon
842,appletun,110,85,80,100,80,30,130,4,Common,grass,dragon
843,silicobra,52,57,75,35,50,46,76,22,Common,ground,ground
844,sandaconda,72,107,125,65,70,71,655,38,Common,ground,ground
845,cramorant,70,85,55,85,95,85,180,8,Common,flying,water
846,arrokuda,41,63,40,40,30,66,10,5,Common,water,water
847,barraskewda,61,123,60,60,50,136,300,13,Common,water,water
848,toxel,40,38,35,54,35,40,110,4,Common,electric,poison
849,toxtricity-amped,75,98,70,114,70,75,400,16,Common,electric,poison
850,sizzlipede,50,65,45,50,50,45,10,7,Common,fire,bug
851,centiskorch,100,115,65,90,90,65,1200,30,Common,fire,bug
852,clobbopus,50,68,60,50,50,32,40,6,Common,fighting,fighting
853,grapploct,80,118,90,70,80,42,390,16,Common,fighting,fighting
854,sinistea,40,45,45,74,54,50,2,1,Common,ghost,ghost
855,polteageist,60,65,65,134,114,70,4,2,Common,ghost,ghost
856,hatenna,42,30,45,56,53,39,34,4,Common,psychic,psychic
857,hattrem,57,40,65,86,73,49,48,6,Common,psychic,psychic
858,hatterene,57,90,95,136,103,29,51,21,Common,psychic,fairy
859,impidimp,45,45,30,55,40,50,55,4,Common,dark,fairy
860,morgrem,65,60,45,75,55,70,125,8,Common,dark,fairy
861,grimmsnarl,95,120,65,95,75,60,610,15,Common,dark,fairy
862,obstagoon,93,90,101,60,81,95,460,16,Common,dark,normal
863,perrserker,70,110,100,50,60,50,280,8,Common,steel,steel
864,cursola,60,95,50,145,130,30,4,10,Common,ghost,ghost
865,sirfetchd,62,135,95,68,82,65,1170,8,Common,fighting,fighting
866,mr-rime,80,85,75,110,100,70,582,15,Common,ice,psychic
867,runerigus,58,95,145,50,105,30,666,16,Common,ground,ghost
868,milcery,45,40,40,50,61,34,3,2,Common,fairy,fairy
869,alcremie,65,60,75,110,121,64,5,3,Common,fairy,fairy
870,falinks,65,100,100,70,60,75,620,30,Common,fighting,fighting
871,pincurchin,48,101,95,91,85,15,10,3,Common,electric,electric
872,snom,30,25,35,45,30,20,38,3,Common,ice,bug
873,frosmoth,70,65,60,125,90,65,420,13,Common,ice,bug
874,stonjourner,100,125,135,20,20,70,5200,25,Common,rock,rock
875,eiscue-ice,75,80,110,65,90,50,890,14,Common,ice,ice
876,indeedee-male,60,65,55,105,95,95,280,9,Common,psychic,normal
877,morpeko-full-belly,58,95,58,70,58,97,30,3,Common,electric,dark
878,cufant,72,80,49,40,49,40,1000,12,Common,steel,steel
879,copperajah,122,130,69,80,69,30,6500,30,Common,steel,steel
880,dracozolt,90,100,90,80,70,75,1900,18,Common,electric,dragon
881,arctozolt,90,100,90,90,80,55,1500,23,Common,electric,ice
882,dracovish,90,90,100,70,80,75,2150,23,Common,water,dragon
883,arctovish,90,90,100,80,90,55,1750,20,Common,water,ice
884,duraludon,70,95,115,120,50,85,400,18,Common,steel,dragon
885,dreepy,28,60,30,40,30,82,20,5,Common,dragon,ghost
886,drakloak,68,80,50,60,50,102,110,14,Common,dragon,ghost
887,dragapult,88,120,75,100,75,142,500,30,Common,dragon,ghost
888,zacian,92,130,115,80,115,138,1100,28,Legendary,fairy,fairy
889,zamazenta,92,130,115,80,115,138,2100,29,Legendary,fighting,fighting
890,eternatus,140,85,95,145,95,130,9500,200,Legendary,poison,dragon
891,kubfu,60,90,60,53,50,72,120,6,Legendary,fighting,fighting
892,urshifu-single-strike,100,130,100,63,60,97,1050,19,Legendary,fighting,dark
893,zarude,105,120,105,70,95,105,700,18,Mythical,dark,grass
894,regieleki,80,100,50,100,50,200,1450,12,Legendary,electric,electric
895,regidrago,200,100,50,100,50,80,2000,21,Legendary,dragon,dragon
896,glastrier,100,145,130,65,110,30,8000,22,Legendary,ice,ice
897,spectrier,100,65,60,145,80,130,445,20,Legendary,ghost,ghost
898,calyrex,100,80,80,80,80,80,77,11,Legendary,psychic,grass
899,wyrdeer,103,105,72,105,75,65,951,18,Common,normal,psychic
900,kleavor,70,135,95,45,70,85,890,18,Common,bug,rock
901,ursaluna,130,140,105,45,80,50,2900,24,Common,ground,normal
902,basculegion-male,120,112,65,80,75,78,1100,30,Common,water,ghost
903,sneasler,80,130,60,40,80,120,430,13,Common,fighting,poison
904,overqwil,85,115,95,65,65,85,605,25,Common,dark,poison
905,enamorus-incarnate,74,115,70,135,80,106,480,16,Legendary,fairy,flying
906,sprigatito,40,61,54,45,45,65,41,4,Common,grass,grass
907,floragato,61,80,63,60,63,83,122,9,Common,grass,grass
908,meowscarada,76,110,70,81,70,123,312,15,Common,grass,dark
909,fuecoco,67,45,59,63,40,36,98,4,Common,fire,fire
910,crocalor,81,55,78,90,58,49,307,10,Common,fire,fire
911,skeledirge,104,75,100,110,75,66,3265,16,Common,fire,ghost
912,quaxly,55,65,45,50,45,50,61,5,Common,water,water
913,quaxwell,70,85,65,65,60,65,215,12,Common,water,water
914,quaquaval,85,120,80,85,75,85,619,18,Common,water,fighting
915,lechonk,54,45,40,35,45,35,102,5,Common,normal,normal
916,oinkologne,110,100,75,59,80,65,1200,10,Common,normal,normal
917,tarountula,35,41,45,29,40,20,40,3,Common,bug,bug
918,spidops,60,79,92,52,86,35,165,10,Common,bug,bug
919,nymble,33,46,40,21,25,45,10,2,Common,bug,bug
920,lokix,71,102,78,52,55,92,175,10,Common,bug,dark
921,pawmi,45,50,20,40,25,60,25,3,Common,electric,electric
922,pawmo,60,75,40,50,40,85,65,4,Common,electric,fighting
923,pawmot,70,115,70,70,60,105,410,9,Common,electric,fighting
924,tandemaus,50,50,45,40,45,75,18,3,Common,normal,normal
925,maushold,74,75,70,65,75,111,23,3,Common,normal,normal
926,fidough,37,55,70,30,55,65,109,3,Common,fairy,fairy
927,dachsbun,57,80,115,50,80,95,149,5,Common,fairy,fairy
928,smoliv,41,35,45,58,51,30,65,3,Common,grass,normal
929,dolliv,52,53,60,78,78,33,119,6,Common,grass,normal
930,arboliva,78,69,90,125,109,39,482,14,Common,grass,normal
931,squawkabilly,82,96,51,45,51,92,24,6,Common,normal,flying
932,nacli,55,55,75,35,35,25,160,4,Common,rock,rock
933,naclstack,60,60,100,35,65,35,1050,6,Common,rock,rock
934,garganacl,100,100,130,45,90,35,2400,23,Common,rock,rock
935,charcadet,40,50,40,50,40,35,105,6,Common,fire,fire
936,armarouge,85,60,100,125,80,75,850,15,Common,fire,psychic
937,ceruledge,75,125,80,60,100,85,620,16,Common,fire,ghost
938,tadbulb,61,31,41,59,35,45,4,3,Common,electric,electric
939,bellibolt,109,64,91,103,83,45,1130,12,Common,electric,electric
940,wattrel,40,40,35,55,40,70,36,4,Common,electric,flying
941,kilowattrel,70,70,60,105,60,125,386,14,Common,electric,flying
942,maschiff,60,78,60,40,51,51,160,5,Common,dark,dark
943,mabosstiff,80,120,90,60,70,85,610,11,Common,dark,dark
944,shroodle,40,65,35,40,35,75,7,2,Common,poison,normal
945,grafaiai,63,95,65,80,72,110,272,7,Common,poison,normal
946,bramblin,40,65,30,45,35,60,6,6,Common,grass,ghost
947,brambleghast,55,115,70,80,70,90,60,12,Common,grass,ghost
948,toedscool,40,40,35,50,100,70,330,9,Common,ground,grass
949,toedscruel,80,70,65,80,120,100,580,19,Common,ground,grass
950,klawf,70,100,115,35,55,75,790,13,Common,rock,rock
951,capsakid,50,62,40,62,40,50,30,3,Common,grass,grass
952,scovillain,65,108,65,108,65,75,150,9,Common,grass,fire
953,rellor,41,50,60,31,58,30,10,2,Common,bug,bug
954,rabsca,75,50,85,115,100,45,35,3,Common,bug,psychic
955,flittle,30,35,30,55,30,75,15,2,Common,psychic,psychic
956,espathra,95,60,60,101,60,105,900,19,Common,psychic,psychic
957,tinkatink,50,45,45,35,64,58,89,4,Common,fairy,steel
958,tinkatuff,65,55,55,45,82,78,591,7,Common,fairy,steel
959,tinkaton,85,75,77,70,105,94,1128,7,Common,fairy,steel
960,wiglett,10,55,25,35,25,95,18,12,Common,water,water
961,wugtrio,35,100,50,50,70,120,54,12,Common,water,water
962,bombirdier,70,103,85,60,85,82,429,15,Common,flying,dark
963,finizen,70,45,40,45,40,75,602,13,Common,water,water
964,palafin,100,70,72,53,62,100,602,13,Common,water,water
965,varoom,45,70,63,30,45,47,350,10,Common,steel,poison
966,revavroom,80,119,90,54,67,90,1200,18,Common,steel,poison
967,cyclizar,70,95,65,85,65,121,630,16,Common,dragon,normal
968,orthworm,70,85,145,60,55,65,3100,25,Common,steel,steel
969,glimmet,48,35,42,105,60,60,80,7,Common,rock,poison
970,glimmora,83,55,90,130,81,86,450,15,Common,rock,poison
971,greavard,50,61,60,30,55,34,350,6,Common,ghost,ghost
972,houndstone,72,101,100,50,97,68,150,20,Common,ghost,ghost
973,flamigo,82,115,74,75,64,90,370,16,Common,flying,fighting
974,cetoddle,108,68,45,30,40,43,450,12,Common,ice,ice
975,cetitan,170,113,65,45,55,73,7000,45,Common,ice,ice
976,veluza,90,102,73,78,65,70,900,25,Common,water,psychic
977,dondozo,150,100,115,65,65,35,2200,120,Common,water,water
978,tatsugiri,68,50,60,120,95,82,80,3,Common,dragon,water
979,annihilape,110,115,80,50,90,90,560,12,Common,fighting,ghost
980,clodsire,130,75,60,45,100,20,2230,18,Common,poison,ground
981,farigiraf,120,90,70,110,70,60,1600,32,Common,normal,psychic
982,dudunsparce,125,100,80,85,75,55,392,36,Common,normal,normal
983,kingambit,100,135,120,60,85,50,1200,20,Common,dark,steel
984,great-tusk,115,131,131,53,53,87,3200,22,Common,ground,fighting
985,scream-tail,115,65,99,65,115,111,80,12,Common,fairy,psychic
986,brute-bonnet,111,127,99,79,99,55,210,12,Common,grass,dark
987,flutter-mane,55,55,55,135,135,135,40,14,Common,ghost,fairy
988,slither-wing,85,135,79,85,105,81,920,32,Common,bug,fighting
989,sandy-shocks,85,81,97,121,85,101,600,23,Common,electric,ground
990,iron-treads,90,112,120,72,70,106,2400,9,Common,ground,steel
991,iron-bundle,56,80,114,124,60,136,110,6,Common,ice,water
992,iron-hands,154,140,108,50,68,50,3807,18,Common,fighting,electric
993,iron-jugulis,94,80,86,122,80,108,1110,13,Common,dark,flying
994,iron-moth,80,70,60,140,110,110,360,12,Common,fire,poison
995,iron-thorns,100,134,110,70,84,72,3030,16,Common,rock,electric
996,frigibax,65,75,45,35,45,55,170,5,Common,dragon,ice
997,arctibax,90,95,66,45,65,62,300,8,Common,dragon,ice
998,baxcalibur,115,145,92,75,86,87,2100,21,Common,dragon,ice
999,gimmighoul,45,30,70,75,70,10,50,3,Common,ghost,ghost
1000,gholdengo,87,60,95,133,91,84,300,12,Common,steel,ghost
1001,wo-chien,85,85,100,95,135,70,742,15,Common,dark,grass
1002,chien-pao,80,120,80,90,65,135,1522,19,Common,dark,ice
1003,ting-lu,155,110,125,55,80,45,6997,27,Common,dark,ground
1004,chi-yu,55,80,80,135,120,100,49,4,Common,dark,fire
1005,roaring-moon,105,139,71,55,101,119,3800,20,Common,dragon,dark
1006,iron-valiant,74,130,90,120,60,116,350,14,Common,fairy,fighting
1007,koraidon,100,135,115,85,100,135,3030,25,Common,fighting,dragon
1008,miraidon,100,85,100,135,115,135,2400,35,Common,electric,dragon
