ID,Name,HP,Atk,Def,SPAtk,SPDef,Spd,Type1,Type2,Height,Weight,DualTyping
1,bulbasaur,45,49,49,65,65,45,grass,poison,7,69,True
2,ivysaur,60,62,63,80,80,60,grass,poison,10,130,True
3,venusaur,80,82,83,100,100,80,grass,poison,20,1000,True
4,charmander,39,52,43,60,50,65,fire,fire,6,85,False
5,charmeleon,58,64,58,80,65,80,fire,fire,11,190,False
6,charizard,78,84,78,109,85,100,fire,flying,17,905,True
7,squirtle,44,48,65,50,64,43,water,water,5,90,False
8,wartortle,59,63,80,65,80,58,water,water,10,225,False
9,blastoise,79,83,100,85,105,78,water,water,16,855,False
10,caterpie,45,30,35,20,20,45,bug,bug,3,29,False
11,metapod,50,20,55,25,25,30,bug,bug,7,99,False
12,butterfree,60,45,50,90,80,70,bug,flying,11,320,True
13,weedle,40,35,30,20,20,50,bug,poison,3,32,True
14,kakuna,45,25,50,25,25,35,bug,poison,6,100,True
15,beedrill,65,90,40,45,80,75,bug,poison,10,295,True
16,pidgey,40,45,40,35,35,56,normal,flying,3,18,True
17,pidgeotto,63,60,55,50,50,71,normal,flying,11,300,True
18,pidgeot,83,80,75,70,70,101,normal,flying,15,395,True
19,rattata,30,56,35,25,35,72,normal,normal,3,35,False
20,raticate,55,81,60,50,70,97,normal,normal,7,185,False
21,spearow,40,60,30,31,31,70,normal,flying,3,20,True
22,fearow,65,90,65,61,61,100,normal,flying,12,380,True
23,ekans,35,60,44,40,54,55,poison,poison,20,69,False
24,arbok,60,95,69,65,79,80,poison,poison,35,650,False
25,pikachu,35,55,40,50,50,90,electric,electric,4,60,False
26,raichu,60,90,55,90,80,110,electric,electric,8,300,False
27,sandshrew,50,75,85,20,30,40,ground,ground,6,120,False
28,sandslash,75,100,110,45,55,65,ground,ground,10,295,False
29,nidoran-f,55,47,52,40,40,41,poison,poison,4,70,False
30,nidorina,70,62,67,55,55,56,poison,poison,8,200,False
31,nidoqueen,90,92,87,75,85,76,poison,ground,13,600,True
32,nidoran-m,46,57,40,40,40,50,poison,poison,5,90,False
33,nidorino,61,72,57,55,55,65,poison,poison,9,195,False
34,nidoking,81,102,77,85,75,85,poison,ground,14,620,True
35,clefairy,70,45,48,60,65,35,fairy,fairy,6,75,False
36,clefable,95,70,73,95,90,60,fairy,fairy,13,400,False
37,vulpix,38,41,40,50,65,65,fire,fire,6,99,False
38,ninetales,73,76,75,81,100,100,fire,fire,11,199,False
39,jigglypuff,115,45,20,45,25,20,normal,fairy,5,55,True
40,wigglytuff,140,70,45,85,50,45,normal,fairy,10,120,True
41,zubat,40,45,35,30,40,55,poison,flying,8,75,True
42,golbat,75,80,70,65,75,90,poison,flying,16,550,True
43,oddish,45,50,55,75,65,30,grass,poison,5,54,True
44,gloom,60,65,70,85,75,40,grass,poison,8,86,True
45,vileplume,75,80,85,110,90,50,grass,poison,12,186,True
46,paras,35,70,55,45,55,25,bug,grass,3,54,True
47,parasect,60,95,80,60,80,30,bug,grass,10,295,True
48,venonat,60,55,50,40,55,45,bug,poison,10,300,True
49,venomoth,70,65,60,90,75,90,bug,poison,15,125,True
50,diglett,10,55,25,35,45,95,ground,ground,2,8,False
51,dugtrio,35,100,50,50,70,120,ground,ground,7,333,False
52,meowth,40,45,35,40,40,90,normal,normal,4,42,False
53,persian,65,70,60,65,65,115,normal,normal,10,320,False
54,psyduck,50,52,48,65,50,55,water,water,8,196,False
55,golduck,80,82,78,95,80,85,water,water,17,766,False
56,mankey,40,80,35,35,45,70,fighting,fighting,5,280,False
57,primeape,65,105,60,60,70,95,fighting,fighting,10,320,False
58,growlithe,55,70,45,70,50,60,fire,fire,7,190,False
59,arcanine,90,110,80,100,80,95,fire,fire,19,1550,False
60,poliwag,40,50,40,40,40,90,water,water,6,124,False
61,poliwhirl,65,65,65,50,50,90,water,water,10,200,False
62,poliwrath,90,95,95,70,90,70,water,fighting,13,540,True
63,abra,25,20,15,105,55,90,psychic,psychic,9,195,False
64,kadabra,40,35,30,120,70,105,psychic,psychic,13,565,False
65,alakazam,55,50,45,135,95,120,psychic,psychic,15,480,False
66,machop,70,80,50,35,35,35,fighting,fighting,8,195,False
67,machoke,80,100,70,50,60,45,fighting,fighting,15,705,False
68,machamp,90,130,80,65,85,55,fighting,fighting,16,1300,False
69,bellsprout,50,75,35,70,30,40,grass,poison,7,40,True
70,weepinbell,65,90,50,85,45,55,grass,poison,10,64,True
71,victreebel,80,105,65,100,70,70,grass,poison,17,155,True
72,tentacool,40,40,35,50,100,70,water,poison,9,455,True
73,tentacruel,80,70,65,80,120,100,water,poison,16,550,True
74,geodude,40,80,100,30,30,20,rock,ground,4,200,True
75,graveler,55,95,115,45,45,35,rock,ground,10,1050,True
76,golem,80,120,130,55,65,45,rock,ground,14,3000,True
77,ponyta,50,85,55,65,65,90,fire,fire,10,300,False
78,rapidash,65,100,70,80,80,105,fire,fire,17,950,False
79,slowpoke,90,65,65,40,40,15,water,psychic,12,360,True
80,slowbro,95,75,110,100,80,30,water,psychic,16,785,True
81,magnemite,25,35,70,95,55,45,electric,steel,3,60,True
82,magneton,50,60,95,120,70,70,electric,steel,10,600,True
83,farfetchd,52,90,55,58,62,60,normal,flying,8,150,True
84,doduo,35,85,45,35,35,75,normal,flying,14,392,True
85,dodrio,60,110,70,60,60,110,normal,flying,18,852,True
86,seel,65,45,55,45,70,45,water,water,11,900,False
87,dewgong,90,70,80,70,95,70,water,ice,17,1200,True
88,grimer,80,80,50,40,50,25,poison,poison,9,300,False
89,muk,105,105,75,65,100,50,poison,poison,12,300,False
90,shellder,30,65,100,45,25,40,water,water,3,40,False
91,cloyster,50,95,180,85,45,70,water,ice,15,1325,True
92,gastly,30,35,30,100,35,80,ghost,poison,13,1,True
93,haunter,45,50,45,115,55,95,ghost,poison,16,1,True
94,gengar,60,65,60,130,75,110,ghost,poison,15,405,True
95,onix,35,45,160,30,45,70,rock,ground,88,2100,True
96,drowzee,60,48,45,43,90,42,psychic,psychic,10,324,False
97,hypno,85,73,70,73,115,67,psychic,psychic,16,756,False
98,krabby,30,105,90,25,25,50,water,water,4,65,False
99,kingler,55,130,115,50,50,75,water,water,13,600,False
100,voltorb,40,30,50,55,55,100,electric,electric,5,104,False
101,electrode,60,50,70,80,80,150,electric,electric,12,666,False
102,exeggcute,60,40,80,60,45,40,grass,psychic,4,25,True
103,exeggutor,95,95,85,125,75,55,grass,psychic,20,1200,True
104,cubone,50,50,95,40,50,35,ground,ground,4,65,False
105,marowak,60,80,110,50,80,45,ground,ground,10,450,False
106,hitmonlee,50,120,53,35,110,87,fighting,fighting,15,498,False
107,hitmonchan,50,105,79,35,110,76,fighting,fighting,14,502,False
108,lickitung,90,55,75,60,75,30,normal,normal,12,655,False
109,koffing,40,65,95,60,45,35,poison,poison,6,10,False
110,weezing,65,90,120,85,70,60,poison,poison,12,95,False
111,rhyhorn,80,85,95,30,30,25,ground,rock,10,1150,True
112,rhydon,105,130,120,45,45,40,ground,rock,19,1200,True
113,chansey,250,5,5,35,105,50,normal,normal,11,346,False
114,tangela,65,55,115,100,40,60,grass,grass,10,350,False
115,kangaskhan,105,95,80,40,80,90,normal,normal,22,800,False
116,horsea,30,40,70,70,25,60,water,water,4,80,False
117,seadra,55,65,95,95,45,85,water,water,12,250,False
118,goldeen,45,67,60,35,50,63,water,water,6,150,False
119,seaking,80,92,65,65,80,68,water,water,13,390,False
120,staryu,30,45,55,70,55,85,water,water,8,345,False
121,starmie,60,75,85,100,85,115,water,psychic,11,800,True
122,mr-mime,40,45,65,100,120,90,psychic,fairy,13,545,True
123,scyther,70,110,80,55,80,105,bug,flying,15,560,True
124,jynx,65,50,35,115,95,95,ice,psychic,14,406,True
125,electabuzz,65,83,57,95,85,105,electric,electric,11,300,False
126,magmar,65,95,57,100,85,93,fire,fire,13,445,False
127,pinsir,65,125,100,55,70,85,bug,bug,15,550,False
128,tauros,75,100,95,40,70,110,normal,normal,14,884,False
129,magikarp,20,10,55,15,20,80,water,water,9,100,False
130,gyarados,95,125,79,60,100,81,water,flying,65,2350,True
131,lapras,130,85,80,85,95,60,water,ice,25,2200,True
132,ditto,48,48,48,48,48,48,normal,normal,3,40,False
133,eevee,55,55,50,45,65,55,normal,normal,3,65,False
134,vaporeon,130,65,60,110,95,65,water,water,10,290,False
135,jolteon,65,65,60,110,95,130,electric,electric,8,245,False
136,flareon,65,130,60,95,110,65,fire,fire,9,250,False
137,porygon,65,60,70,85,75,40,normal,normal,8,365,False
138,omanyte,35,40,100,90,55,35,rock,water,4,75,True
139,omastar,70,60,125,115,70,55,rock,water,10,350,True
140,kabuto,30,80,90,55,45,55,rock,water,5,115,True
141,kabutops,60,115,105,65,70,80,rock,water,13,405,True
142,aerodactyl,80,105,65,60,75,130,rock,flying,18,590,True
143,snorlax,160,110,65,65,110,30,normal,normal,21,4600,False
144,articuno,90,85,100,95,125,85,ice,flying,17,554,True
145,zapdos,90,90,85,125,90,100,electric,flying,16,526,True
146,moltres,90,100,90,125,85,90,fire,flying,20,600,True
147,dratini,41,64,45,50,50,50,dragon,dragon,18,33,False
148,dragonair,61,84,65,70,70,70,dragon,dragon,40,165,False
149,dragonite,91,134,95,100,100,80,dragon,flying,22,2100,True
150,mewtwo,106,110,90,154,90,130,psychic,psychic,20,1220,False
151,mew,100,100,100,100,100,100,psychic,psychic,4,40,False
152,chikorita,45,49,65,49,65,45,grass,grass,9,64,False
153,bayleef,60,62,80,63,80,60,grass,grass,12,158,False
154,meganium,80,82,100,83,100,80,grass,grass,18,1005,False
155,cyndaquil,39,52,43,60,50,65,fire,fire,5,79,False
156,quilava,58,64,58,80,65,80,fire,fire,9,190,False
157,typhlosion,78,84,78,109,85,100,fire,fire,17,795,False
158,totodile,50,65,64,44,48,43,water,water,6,95,False
159,croconaw,65,80,80,59,63,58,water,water,11,250,False
160,feraligatr,85,105,100,79,83,78,water,water,23,888,False
161,sentret,35,46,34,35,45,20,normal,normal,8,60,False
162,furret,85,76,64,45,55,90,normal,normal,18,325,False
163,hoothoot,60,30,30,36,56,50,normal,flying,7,212,True
164,noctowl,100,50,50,86,96,70,normal,flying,16,408,True
165,ledyba,40,20,30,40,80,55,bug,flying,10,108,True
166,ledian,55,35,50,55,110,85,bug,flying,14,356,True
167,spinarak,40,60,40,40,40,30,bug,poison,5,85,True
168,ariados,70,90,70,60,70,40,bug,poison,11,335,True
169,crobat,85,90,80,70,80,130,poison,flying,18,750,True
170,chinchou,75,38,38,56,56,67,water,electric,5,120,True
171,lanturn,125,58,58,76,76,67,water,electric,12,225,True
172,pichu,20,40,15,35,35,60,electric,electric,3,20,False
173,cleffa,50,25,28,45,55,15,fairy,fairy,3,30,False
174,igglybuff,90,30,15,40,20,15,normal,fairy,3,10,True
175,togepi,35,20,65,40,65,20,fairy,fairy,3,15,False
176,togetic,55,40,85,80,105,40,fairy,flying,6,32,True
177,natu,40,50,45,70,45,70,psychic,flying,2,20,True
178,xatu,65,75,70,95,70,95,psychic,flying,15,150,True
179,mareep,55,40,40,65,45,35,electric,electric,6,78,False
180,flaaffy,70,55,55,80,60,45,electric,electric,8,133,False
181,ampharos,90,75,85,115,90,55,electric,electric,14,615,False
182,bellossom,75,80,95,90,100,50,grass,grass,4,58,False
183,marill,70,20,50,20,50,40,water,fairy,4,85,True
184,azumarill,100,50,80,60,80,50,water,fairy,8,285,True
185,sudowoodo,70,100,115,30,65,30,rock,rock,12,380,False
186,politoed,90,75,75,90,100,70,water,water,11,339,False
187,hoppip,35,35,40,35,55,50,grass,flying,4,5,True
188,skiploom,55,45,50,45,65,80,grass,flying,6,10,True
189,jumpluff,75,55,70,55,95,110,grass,flying,8,30,True
190,aipom,55,70,55,40,55,85,normal,normal,8,115,False
191,sunkern,30,30,30,30,30,30,grass,grass,3,18,False
192,sunflora,75,75,55,105,85,30,grass,grass,8,85,False
193,yanma,65,65,45,75,45,95,bug,flying,12,380,True
194,wooper,55,45,45,25,25,15,water,ground,4,85,True
195,quagsire,95,85,85,65,65,35,water,ground,14,750,True
196,espeon,65,65,60,130,95,110,psychic,psychic,9,265,False
197,umbreon,95,65,110,60,130,65,dark,dark,10,270,False
198,murkrow,60,85,42,85,42,91,dark,flying,5,21,True
199,slowking,95,75,80,100,110,30,water,psychic,20,795,True
200,misdreavus,60,60,60,85,85,85,ghost,ghost,7,10,False
201,unown,48,72,48,72,48,48,psychic,psychic,5,50,False
202,wobbuffet,190,33,58,33,58,33,psychic,psychic,13,285,False
203,girafarig,70,80,65,90,65,85,normal,psychic,15,415,True
204,pineco,50,65,90,35,35,15,bug,bug,6,72,False
205,forretress,75,90,140,60,60,40,bug,steel,12,1258,True
206,dunsparce,100,70,70,65,65,45,normal,normal,15,140,False
207,gligar,65,75,105,35,65,85,ground,flying,11,648,True
208,steelix,75,85,200,55,65,30,steel,ground,92,4000,True
209,snubbull,60,80,50,40,40,30,fairy,fairy,6,78,False
210,granbull,90,120,75,60,60,45,fairy,fairy,14,487,False
211,qwilfish,65,95,85,55,55,85,water,poison,5,39,True
212,scizor,70,130,100,55,80,65,bug,steel,18,1180,True
213,shuckle,20,10,230,10,230,5,bug,rock,6,205,True
214,heracross,80,125,75,40,95,85,bug,fighting,15,540,True
215,sneasel,55,95,55,35,75,115,dark,ice,9,280,True
216,teddiursa,60,80,50,50,50,40,normal,normal,6,88,False
217,ursaring,90,130,75,75,75,55,normal,normal,18,1258,False
218,slugma,40,40,40,70,40,20,fire,fire,7,350,False
219,magcargo,60,50,120,90,80,30,fire,rock,8,550,True
220,swinub,50,50,40,30,30,50,ice,ground,4,65,True
221,piloswine,100,100,80,60,60,50,ice,ground,11,558,True
222,corsola,65,55,95,65,95,35,water,rock,6,50,True
223,remoraid,35,65,35,65,35,65,water,water,6,120,False
224,octillery,75,105,75,105,75,45,water,water,9,285,False
225,delibird,45,55,45,65,45,75,ice,flying,9,160,True
226,mantine,85,40,70,80,140,70,water,flying,21,2200,True
227,skarmory,65,80,140,40,70,70,steel,flying,17,505,True
228,houndour,45,60,30,80,50,65,dark,fire,6,108,True
229,houndoom,75,90,50,110,80,95,dark,fire,14,350,True
230,kingdra,75,95,95,95,95,85,water,dragon,18,1520,True
231,phanpy,90,60,60,40,40,40,ground,ground,5,335,False
232,donphan,90,120,120,60,60,50,ground,ground,11,1200,False
233,porygon2,85,80,90,105,95,60,normal,normal,6,325,False
234,stantler,73,95,62,85,65,85,normal,normal,14,712,False
235,smeargle,55,20,35,20,45,75,normal,normal,12,580,False
236,tyrogue,35,35,35,35,35,35,fighting,fighting,7,210,False
237,hitmontop,50,95,95,35,110,70,fighting,fighting,14,480,False
238,smoochum,45,30,15,85,65,65,ice,psychic,4,60,True
239,elekid,45,63,37,65,55,95,electric,electric,6,235,False
240,magby,45,75,37,70,55,83,fire,fire,7,214,False
241,miltank,95,80,105,40,70,100,normal,normal,12,755,False
242,blissey,255,10,10,75,135,55,normal,normal,15,468,False
243,raikou,90,85,75,115,100,115,electric,electric,19,1780,False
244,entei,115,115,85,90,75,100,fire,fire,21,1980,False
245,suicune,100,75,115,90,115,85,water,water,20,1870,False
246,larvitar,50,64,50,45,50,41,rock,ground,6,720,True
247,pupitar,70,84,70,65,70,51,rock,ground,12,1520,True
248,tyranitar,100,134,110,95,100,61,rock,dark,20,2020,True
249,lugia,106,90,130,90,154,110,psychic,flying,52,2160,True
250,ho-oh,106,130,90,110,154,90,fire,flying,38,1990,True
251,celebi,100,100,100,100,100,100,psychic,grass,6,50,True
252,treecko,40,45,35,65,55,70,grass,grass,5,50,False
253,grovyle,50,65,45,85,65,95,grass,grass,9,216,False
254,sceptile,70,85,65,105,85,120,grass,grass,17,522,False
255,torchic,45,60,40,70,50,45,fire,fire,4,25,False
256,combusken,60,85,60,85,60,55,fire,fighting,9,195,True
257,blaziken,80,120,70,110,70,80,fire,fighting,19,520,True
258,mudkip,50,70,50,50,50,40,water,water,4,76,False
259,marshtomp,70,85,70,60,70,50,water,ground,7,280,True
260,swampert,100,110,90,85,90,60,water,ground,15,819,True
261,poochyena,35,55,35,30,30,35,dark,dark,5,136,False
262,mightyena,70,90,70,60,60,70,dark,dark,10,370,False
263,zigzagoon,38,30,41,30,41,60,normal,normal,4,175,False
264,linoone,78,70,61,50,61,100,normal,normal,5,325,False
265,wurmple,45,45,35,20,30,20,bug,bug,3,36,False
266,silcoon,50,35,55,25,25,15,bug,bug,6,100,False
267,beautifly,60,70,50,100,50,65,bug,flying,10,284,True
268,cascoon,50,35,55,25,25,15,bug,bug,7,115,False
269,dustox,60,50,70,50,90,65,bug,poison,12,316,True
270,lotad,40,30,30,40,50,30,water,grass,5,26,True
271,lombre,60,50,50,60,70,50,water,grass,12,325,True
272,ludicolo,80,70,70,90,100,70,water,grass,15,550,True
273,seedot,40,40,50,30,30,30,grass,grass,5,40,False
274,nuzleaf,70,70,40,60,40,60,grass,dark,10,280,True
275,shiftry,90,100,60,90,60,80,grass,dark,13,596,True
276,taillow,40,55,30,30,30,85,normal,flying,3,23,True
277,swellow,60,85,60,75,50,125,normal,flying,7,198,True
278,wingull,40,30,30,55,30,85,water,flying,6,95,True
279,pelipper,60,50,100,95,70,65,water,flying,12,280,True
280,ralts,28,25,25,45,35,40,psychic,fairy,4,66,True
281,kirlia,38,35,35,65,55,50,psychic,fairy,8,202,True
282,gardevoir,68,65,65,125,115,80,psychic,fairy,16,484,True
283,surskit,40,30,32,50,52,65,bug,water,5,17,True
284,masquerain,70,60,62,100,82,80,bug,flying,8,36,True
285,shroomish,60,40,60,40,60,35,grass,grass,4,45,False
286,breloom,60,130,80,60,60,70,grass,fighting,12,392,True
287,slakoth,60,60,60,35,35,30,normal,normal,8,240,False
288,vigoroth,80,80,80,55,55,90,normal,normal,14,465,False
289,slaking,150,160,100,95,65,100,normal,normal,20,1305,False
290,nincada,31,45,90,30,30,40,bug,ground,5,55,True
291,ninjask,61,90,45,50,50,160,bug,flying,8,120,True
292,shedinja,1,90,45,30,30,40,bug,ghost,8,12,True
293,whismur,64,51,23,51,23,28,normal,normal,6,163,False
294,loudred,84,71,43,71,43,48,normal,normal,10,405,False
295,exploud,104,91,63,91,73,68,normal,normal,15,840,False
296,makuhita,72,60,30,20,30,25,fighting,fighting,10,864,False
297,hariyama,144,120,60,40,60,50,fighting,fighting,23,2538,False
298,azurill,50,20,40,20,40,20,normal,fairy,2,20,True
299,nosepass,30,45,135,45,90,30,rock,rock,10,970,False
300,skitty,50,45,45,35,35,50,normal,normal,6,110,False
301,delcatty,70,65,65,55,55,90,normal,normal,11,326,False
302,sableye,50,75,75,65,65,50,dark,ghost,5,110,True
303,mawile,50,85,85,55,55,50,steel,fairy,6,115,True
304,aron,50,70,100,40,40,30,steel,rock,4,600,True
305,lairon,60,90,140,50,50,40,steel,rock,9,1200,True
306,aggron,70,110,180,60,60,50,steel,rock,21,3600,True
307,meditite,30,40,55,40,55,60,fighting,psychic,6,112,True
308,medicham,60,60,75,60,75,80,fighting,psychic,13,315,True
309,electrike,40,45,40,65,40,65,electric,electric,6,152,False
310,manectric,70,75,60,105,60,105,electric,electric,15,402,False
311,plusle,60,50,40,85,75,95,electric,electric,4,42,False
312,minun,60,40,50,75,85,95,electric,electric,4,42,False
313,volbeat,65,73,75,47,85,85,bug,bug,7,177,False
314,illumise,65,47,75,73,85,85,bug,bug,6,177,False
315,roselia,50,60,45,100,80,65,grass,poison,3,20,True
316,gulpin,70,43,53,43,53,40,poison,poison,4,103,False
317,swalot,100,73,83,73,83,55,poison,poison,17,800,False
318,carvanha,45,90,20,65,20,65,water,dark,8,208,True
319,sharpedo,70,120,40,95,40,95,water,dark,18,888,True
320,wailmer,130,70,35,70,35,60,water,water,20,1300,False
321,wailord,170,90,45,90,45,60,water,water,145,3980,False
322,numel,60,60,40,65,45,35,fire,ground,7,240,True
323,camerupt,70,100,70,105,75,40,fire,ground,19,2200,True
324,torkoal,70,85,140,85,70,20,fire,fire,5,804,False
325,spoink,60,25,35,70,80,60,psychic,psychic,7,306,False
326,grumpig,80,45,65,90,110,80,psychic,psychic,9,715,False
327,spinda,60,60,60,60,60,60,normal,normal,11,50,False
328,trapinch,45,100,45,45,45,10,ground,ground,7,150,False
329,vibrava,50,70,50,50,50,70,ground,dragon,11,153,True
330,flygon,80,100,80,80,80,100,ground,dragon,20,820,True
331,cacnea,50,85,40,85,40,35,grass,grass,4,513,False
332,cacturne,70,115,60,115,60,55,grass,dark,13,774,True
333,swablu,45,40,60,40,75,50,normal,flying,4,12,True
334,altaria,75,70,90,70,105,80,dragon,flying,11,206,True
335,zangoose,73,115,60,60,60,90,normal,normal,13,403,False
336,seviper,73,100,60,100,60,65,poison,poison,27,525,False
337,lunatone,90,55,65,95,85,70,rock,psychic,10,1680,True
338,solrock,90,95,85,55,65,70,rock,psychic,12,1540,True
339,barboach,50,48,43,46,41,60,water,ground,4,19,True
340,whiscash,110,78,73,76,71,60,water,ground,9,236,True
341,corphish,43,80,65,50,35,35,water,water,6,115,False
342,crawdaunt,63,120,85,90,55,55,water,dark,11,328,True
343,baltoy,40,40,55,40,70,55,ground,psychic,5,215,True
344,claydol,60,70,105,70,120,75,ground,psychic,15,1080,True
345,lileep,66,41,77,61,87,23,rock,grass,10,238,True
346,cradily,86,81,97,81,107,43,rock,grass,15,604,True
347,anorith,45,95,50,40,50,75,rock,bug,7,125,True
348,armaldo,75,125,100,70,80,45,rock,bug,15,682,True
349,feebas,20,15,20,10,55,80,water,water,6,74,False
350,milotic,95,60,79,100,125,81,water,water,62,1620,False
351,castform,70,70,70,70,70,70,normal,normal,3,8,False
352,kecleon,60,90,70,60,120,40,normal,normal,10,220,False
353,shuppet,44,75,35,63,33,45,ghost,ghost,6,23,False
354,banette,64,115,65,83,63,65,ghost,ghost,11,125,False
355,duskull,20,40,90,30,90,25,ghost,ghost,8,150,False
356,dusclops,40,70,130,60,130,25,ghost,ghost,16,306,False
357,tropius,99,68,83,72,87,51,grass,flying,20,1000,True
358,chimecho,75,50,80,95,90,65,psychic,psychic,6,10,False
359,absol,65,130,60,75,60,75,dark,dark,12,470,False
360,wynaut,95,23,48,23,48,23,psychic,psychic,6,140,False
361,snorunt,50,50,50,50,50,50,ice,ice,7,168,False
362,glalie,80,80,80,80,80,80,ice,ice,15,2565,False
363,spheal,70,40,50,55,50,25,ice,water,8,395,True
364,sealeo,90,60,70,75,70,45,ice,water,11,876,True
365,walrein,110,80,90,95,90,65,ice,water,14,1506,True
366,clamperl,35,64,85,74,55,32,water,water,4,525,False
367,huntail,55,104,105,94,75,52,water,water,17,270,False
368,gorebyss,55,84,105,114,75,52,water,water,18,226,False
369,relicanth,100,90,130,45,65,55,water,rock,10,234,True
370,luvdisc,43,30,55,40,65,97,water,water,6,87,False
371,bagon,45,75,60,40,30,50,dragon,dragon,6,421,False
372,shelgon,65,95,100,60,50,50,dragon,dragon,11,1105,False
373,salamence,95,135,80,110,80,100,dragon,flying,15,1026,True
374,beldum,40,55,80,35,60,30,steel,psychic,6,952,True
375,metang,60,75,100,55,80,50,steel,psychic,12,2025,True
376,metagross,80,135,130,95,90,70,steel,psychic,16,5500,True
377,regirock,80,100,200,50,100,50,rock,rock,17,2300,False
378,regice,80,50,100,100,200,50,ice,ice,18,1750,False
379,registeel,80,75,150,75,150,50,steel,steel,19,2050,False
380,latias,80,80,90,110,130,110,dragon,psychic,14,400,True
381,latios,80,90,80,130,110,110,dragon,psychic,20,600,True
382,kyogre,100,100,90,150,140,90,water,water,45,3520,False
383,groudon,100,150,140,100,90,90,ground,ground,35,9500,False
384,rayquaza,105,150,90,150,90,95,dragon,flying,70,2065,True
385,jirachi,100,100,100,100,100,100,steel,psychic,3,11,True
386,deoxys-normal,50,150,50,150,50,150,psychic,psychic,17,608,False
387,turtwig,55,68,64,45,55,31,grass,grass,4,102,False
388,grotle,75,89,85,55,65,36,grass,grass,11,970,False
389,torterra,95,109,105,75,85,56,grass,ground,22,3100,True
390,chimchar,44,58,44,58,44,61,fire,fire,5,62,False
391,monferno,64,78,52,78,52,81,fire,fighting,9,220,True
392,infernape,76,104,71,104,71,108,fire,fighting,12,550,True
393,piplup,53,51,53,61,56,40,water,water,4,52,False
394,prinplup,64,66,68,81,76,50,water,water,8,230,False
395,empoleon,84,86,88,111,101,60,water,steel,17,845,True
396,starly,40,55,30,30,30,60,normal,flying,3,20,True
397,staravia,55,75,50,40,40,80,normal,flying,6,155,True
398,staraptor,85,120,70,50,60,100,normal,flying,12,249,True
399,bidoof,59,45,40,35,40,31,normal,normal,5,200,False
400,bibarel,79,85,60,55,60,71,normal,water,10,315,True
401,kricketot,37,25,41,25,41,25,bug,bug,3,22,False
402,kricketune,77,85,51,55,51,65,bug,bug,10,255,False
403,shinx,45,65,34,40,34,45,electric,electric,5,95,False
404,luxio,60,85,49,60,49,60,electric,electric,9,305,False
405,luxray,80,120,79,95,79,70,electric,electric,14,420,False
406,budew,40,30,35,50,70,55,grass,poison,2,12,True
407,roserade,60,70,65,125,105,90,grass,poison,9,145,True
408,cranidos,67,125,40,30,30,58,rock,rock,9,315,False
409,rampardos,97,165,60,65,50,58,rock,rock,16,1025,False
410,shieldon,30,42,118,42,88,30,rock,steel,5,570,True
411,bastiodon,60,52,168,47,138,30,rock,steel,13,1495,True
412,burmy,40,29,45,29,45,36,bug,bug,2,34,False
413,wormadam-plant,60,59,85,79,105,36,bug,grass,5,65,True
414,mothim,70,94,50,94,50,66,bug,flying,9,233,True
415,combee,30,30,42,30,42,70,bug,flying,3,55,True
416,vespiquen,70,80,102,80,102,40,bug,flying,12,385,True
417,pachirisu,60,45,70,45,90,95,electric,electric,4,39,False
418,buizel,55,65,35,60,30,85,water,water,7,295,False
419,floatzel,85,105,55,85,50,115,water,water,11,335,False
420,cherubi,45,35,45,62,53,35,grass,grass,4,33,False
421,cherrim,70,60,70,87,78,85,grass,grass,5,93,False
422,shellos,76,48,48,57,62,34,water,water,3,63,False
423,gastrodon,111,83,68,92,82,39,water,ground,9,299,True
424,ambipom,75,100,66,60,66,115,normal,normal,12,203,False
425,drifloon,90,50,34,60,44,70,ghost,flying,4,12,True
426,drifblim,150,80,44,90,54,80,ghost,flying,12,150,True
427,buneary,55,66,44,44,56,85,normal,normal,4,55,False
428,lopunny,65,76,84,54,96,105,normal,normal,12,333,False
429,mismagius,60,60,60,105,105,105,ghost,ghost,9,44,False
430,honchkrow,100,125,52,105,52,71,dark,flying,9,273,True
431,glameow,49,55,42,42,37,85,normal,normal,5,39,False
432,purugly,71,82,64,64,59,112,normal,normal,10,438,False
433,chingling,45,30,50,65,50,45,psychic,psychic,2,6,False
434,stunky,63,63,47,41,41,74,poison,dark,4,192,True
435,skuntank,103,93,67,71,61,84,poison,dark,10,380,True
436,bronzor,57,24,86,24,86,23,steel,psychic,5,605,True
437,bronzong,67,89,116,79,116,33,steel,psychic,13,1870,True
438,bonsly,50,80,95,10,45,10,rock,rock,5,150,False
439,mime-jr,20,25,45,70,90,60,psychic,fairy,6,130,True
440,happiny,100,5,5,15,65,30,normal,normal,6,244,False
441,chatot,76,65,45,92,42,91,normal,flying,5,19,True
442,spiritomb,50,92,108,92,108,35,ghost,dark,10,1080,True
443,gible,58,70,45,40,45,42,dragon,ground,7,205,True
444,gabite,68,90,65,50,55,82,dragon,ground,14,560,True
445,garchomp,108,130,95,80,85,102,dragon,ground,19,950,True
446,munchlax,135,85,40,40,85,5,normal,normal,6,1050,False
447,riolu,40,70,40,35,40,60,fighting,fighting,7,202,False
448,lucario,70,110,70,115,70,90,fighting,steel,12,540,True
449,hippopotas,68,72,78,38,42,32,ground,ground,8,495,False
450,hippowdon,108,112,118,68,72,47,ground,ground,20,3000,False
451,skorupi,40,50,90,30,55,65,poison,bug,8,120,True
452,drapion,70,90,110,60,75,95,poison,dark,13,615,True
453,croagunk,48,61,40,61,40,50,poison,fighting,7,230,True
454,toxicroak,83,106,65,86,65,85,poison,fighting,13,444,True
455,carnivine,74,100,72,90,72,46,grass,grass,14,270,False
456,finneon,49,49,56,49,61,66,water,water,4,70,False
457,lumineon,69,69,76,69,86,91,water,water,12,240,False
458,mantyke,45,20,50,60,120,50,water,flying,10,650,True
459,snover,60,62,50,62,60,40,grass,ice,10,505,True
460,abomasnow,90,92,75,92,85,60,grass,ice,22,1355,True
461,weavile,70,120,65,45,85,125,dark,ice,11,340,True
462,magnezone,70,70,115,130,90,60,electric,steel,12,1800,True
463,lickilicky,110,85,95,80,95,50,normal,normal,17,1400,False
464,rhyperior,115,140,130,55,55,40,ground,rock,24,2828,True
465,tangrowth,100,100,125,110,50,50,grass,grass,20,1286,False
466,electivire,75,123,67,95,85,95,electric,electric,18,1386,False
467,magmortar,75,95,67,125,95,83,fire,fire,16,680,False
468,togekiss,85,50,95,120,115,80,fairy,flying,15,380,True
469,yanmega,86,76,86,116,56,95,bug,flying,19,515,True
470,leafeon,65,110,130,60,65,95,grass,grass,10,255,False
471,glaceon,65,60,110,130,95,65,ice,ice,8,259,False
472,gliscor,75,95,125,45,75,95,ground,flying,20,425,True
473,mamoswine,110,130,80,70,60,80,ice,ground,25,2910,True
474,porygon-z,85,80,70,135,75,90,normal,normal,9,340,False
475,gallade,68,125,65,65,115,80,psychic,fighting,16,520,True
476,probopass,60,55,145,75,150,40,rock,steel,14,3400,True
477,dusknoir,45,100,135,65,135,45,ghost,ghost,22,1066,False
478,froslass,70,80,70,80,70,110,ice,ghost,13,266,True
479,rotom,50,50,77,95,77,91,electric,ghost,3,3,True
480,uxie,75,75,130,75,130,95,psychic,psychic,3,3,False
481,mesprit,80,105,105,105,105,80,psychic,psychic,3,3,False
482,azelf,75,125,70,125,70,115,psychic,psychic,3,3,False
483,dialga,100,120,120,150,100,90,steel,dragon,54,6830,True
484,palkia,90,120,100,150,120,100,water,dragon,42,3360,True
485,heatran,91,90,106,130,106,77,fire,steel,17,4300,True
486,regigigas,110,160,110,80,110,100,normal,normal,37,4200,False
487,giratina-altered,150,100,120,100,120,90,ghost,dragon,45,7500,True
488,cresselia,120,70,120,75,130,85,psychic,psychic,15,856,False
489,phione,80,80,80,80,80,80,water,water,4,31,False
490,manaphy,100,100,100,100,100,100,water,water,3,14,False
491,darkrai,70,90,90,135,90,125,dark,dark,15,505,False
492,shaymin-land,100,100,100,100,100,100,grass,grass,2,21,False
493,arceus,120,120,120,120,120,120,normal,normal,32,3200,False
494,victini,100,100,100,100,100,100,psychic,fire,4,40,True
495,snivy,45,45,55,45,55,63,grass,grass,6,81,False
496,servine,60,60,75,60,75,83,grass,grass,8,160,False
497,serperior,75,75,95,75,95,113,grass,grass,33,630,False
498,tepig,65,63,45,45,45,45,fire,fire,5,99,False
499,pignite,90,93,55,70,55,55,fire,fighting,10,555,True
500,emboar,110,123,65,100,65,65,fire,fighting,16,1500,True
501,oshawott,55,55,45,63,45,45,water,water,5,59,False
502,dewott,75,75,60,83,60,60,water,water,8,245,False
503,samurott,95,100,85,108,70,70,water,water,15,946,False
504,patrat,45,55,39,35,39,42,normal,normal,5,116,False
505,watchog,60,85,69,60,69,77,normal,normal,11,270,False
506,lillipup,45,60,45,25,45,55,normal,normal,4,41,False
507,herdier,65,80,65,35,65,60,normal,normal,9,147,False
508,stoutland,85,110,90,45,90,80,normal,normal,12,610,False
509,purrloin,41,50,37,50,37,66,dark,dark,4,101,False
510,liepard,64,88,50,88,50,106,dark,dark,11,375,False
511,pansage,50,53,48,53,48,64,grass,grass,6,105,False
512,simisage,75,98,63,98,63,101,grass,grass,11,305,False
513,pansear,50,53,48,53,48,64,fire,fire,6,110,False
514,simisear,75,98,63,98,63,101,fire,fire,10,280,False
515,panpour,50,53,48,53,48,64,water,water,6,135,False
516,simipour,75,98,63,98,63,101,water,water,10,290,False
517,munna,76,25,45,67,55,24,psychic,psychic,6,233,False
518,musharna,116,55,85,107,95,29,psychic,psychic,11,605,False
519,pidove,50,55,50,36,30,43,normal,flying,3,21,True
520,tranquill,62,77,62,50,42,65,normal,flying,6,150,True
521,unfezant,80,115,80,65,55,93,normal,flying,12,290,True
522,blitzle,45,60,32,50,32,76,electric,electric,8,298,False
523,zebstrika,75,100,63,80,63,116,electric,electric,16,795,False
524,roggenrola,55,75,85,25,25,15,rock,rock,4,180,False
525,boldore,70,105,105,50,40,20,rock,rock,9,1020,False
526,gigalith,85,135,130,60,80,25,rock,rock,17,2600,False
527,woobat,65,45,43,55,43,72,psychic,flying,4,21,True
528,swoobat,67,57,55,77,55,114,psychic,flying,9,105,True
529,drilbur,60,85,40,30,45,68,ground,ground,3,85,False
530,excadrill,110,135,60,50,65,88,ground,steel,7,404,True
531,audino,103,60,86,60,86,50,normal,normal,11,310,False
532,timburr,75,80,55,25,35,35,fighting,fighting,6,125,False
533,gurdurr,85,105,85,40,50,40,fighting,fighting,12,400,False
534,conkeldurr,105,140,95,55,65,45,fighting,fighting,14,870,False
535,tympole,50,50,40,50,40,64,water,water,5,45,False
536,palpitoad,75,65,55,65,55,69,water,ground,8,170,True
537,seismitoad,105,95,75,85,75,74,water,ground,15,620,True
538,throh,120,100,85,30,85,45,fighting,fighting,13,555,False
539,sawk,75,125,75,30,75,85,fighting,fighting,14,510,False
540,sewaddle,45,53,70,40,60,42,bug,grass,3,25,True
541,swadloon,55,63,90,50,80,42,bug,grass,5,73,True
542,leavanny,75,103,80,70,80,92,bug,grass,12,205,True
543,venipede,30,45,59,30,39,57,bug,poison,4,53,True
544,whirlipede,40,55,99,40,79,47,bug,poison,12,585,True
545,scolipede,60,100,89,55,69,112,bug,poison,25,2005,True
546,cottonee,40,27,60,37,50,66,grass,fairy,3,6,True
547,whimsicott,60,67,85,77,75,116,grass,fairy,7,66,True
548,petilil,45,35,50,70,50,30,grass,grass,5,66,False
549,lilligant,70,60,75,110,75,90,grass,grass,11,163,False
550,basculin-red-striped,70,92,65,80,55,98,water,water,10,180,False
551,sandile,50,72,35,35,35,65,ground,dark,7,152,True
552,krokorok,60,82,45,45,45,74,ground,dark,10,334,True
553,krookodile,95,117,80,65,70,92,ground,dark,15,963,True
554,darumaka,70,90,45,15,45,50,fire,fire,6,375,False
555,darmanitan-standard,105,140,55,30,55,95,fire,fire,13,929,False
556,maractus,75,86,67,106,67,60,grass,grass,10,280,False
557,dwebble,50,65,85,35,35,55,bug,rock,3,145,True
558,crustle,70,105,125,65,75,45,bug,rock,14,2000,True
559,scraggy,50,75,70,35,70,48,dark,fighting,6,118,True
560,scrafty,65,90,115,45,115,58,dark,fighting,11,300,True
561,sigilyph,72,58,80,103,80,97,psychic,flying,14,140,True
562,yamask,38,30,85,55,65,30,ghost,ghost,5,15,False
563,cofagrigus,58,50,145,95,105,30,ghost,ghost,17,765,False
564,tirtouga,54,78,103,53,45,22,water,rock,7,165,True
565,carracosta,74,108,133,83,65,32,water,rock,12,810,True
566,archen,55,112,45,74,45,70,rock,flying,5,95,True
567,archeops,75,140,65,112,65,110,rock,flying,14,320,True
568,trubbish,50,50,62,40,62,65,poison,poison,6,310,False
569,garbodor,80,95,82,60,82,75,poison,poison,19,1073,False
570,zorua,40,65,40,80,40,65,dark,dark,7,125,False
571,zoroark,60,105,60,120,60,105,dark,dark,16,811,False
572,minccino,55,50,40,40,40,75,normal,normal,4,58,False
573,cinccino,75,95,60,65,60,115,normal,normal,5,75,False
574,gothita,45,30,50,55,65,45,psychic,psychic,4,58,False
575,gothorita,60,45,70,75,85,55,psychic,psychic,7,180,False
576,gothitelle,70,55,95,95,110,65,psychic,psychic,15,440,False
577,solosis,45,30,40,105,50,20,psychic,psychic,3,10,False
578,duosion,65,40,50,125,60,30,psychic,psychic,6,80,False
579,reuniclus,110,65,75,125,85,30,psychic,psychic,10,201,False
580,ducklett,62,44,50,44,50,55,water,flying,5,55,True
581,swanna,75,87,63,87,63,98,water,flying,13,242,True
582,vanillite,36,50,50,65,60,44,ice,ice,4,57,False
583,vanillish,51,65,65,80,75,59,ice,ice,11,410,False
584,vanilluxe,71,95,85,110,95,79,ice,ice,13,575,False
585,deerling,60,60,50,40,50,75,normal,grass,6,195,True
586,sawsbuck,80,100,70,60,70,95,normal,grass,19,925,True
587,emolga,55,75,60,75,60,103,electric,flying,4,50,True
588,karrablast,50,75,45,40,45,60,bug,bug,5,59,False
589,escavalier,70,135,105,60,105,20,bug,steel,10,330,True
590,foongus,69,55,45,55,55,15,grass,poison,2,10,True
591,amoonguss,114,85,70,85,80,30,grass,poison,6,105,True
592,frillish,55,40,50,65,85,40,water,ghost,12,330,True
593,jellicent,100,60,70,85,105,60,water,ghost,22,1350,True
594,alomomola,165,75,80,40,45,65,water,water,12,316,False
595,joltik,50,47,50,57,50,65,bug,electric,1,6,True
596,galvantula,70,77,60,97,60,108,bug,electric,8,143,True
597,ferroseed,44,50,91,24,86,10,grass,steel,6,188,True
598,ferrothorn,74,94,131,54,116,20,grass,steel,10,1100,True
599,klink,40,55,70,45,60,30,steel,steel,3,210,False
600,klang,60,80,95,70,85,50,steel,steel,6,510,False
601,klinklang,60,100,115,70,85,90,steel,steel,6,810,False
602,tynamo,35,55,40,45,40,60,electric,electric,2,3,False
603,eelektrik,65,85,70,75,70,40,electric,electric,12,220,False
604,eelektross,85,115,80,105,80,50,electric,electric,21,805,False
605,elgyem,55,55,55,85,55,30,psychic,psychic,5,90,False
606,beheeyem,75,75,75,125,95,40,psychic,psychic,10,345,False
607,litwick,50,30,55,65,55,20,ghost,fire,3,31,True
608,lampent,60,40,60,95,60,55,ghost,fire,6,130,True
609,chandelure,60,55,90,145,90,80,ghost,fire,10,343,True
610,axew,46,87,60,30,40,57,dragon,dragon,6,180,False
611,fraxure,66,117,70,40,50,67,dragon,dragon,10,360,False
612,haxorus,76,147,90,60,70,97,dragon,dragon,18,1055,False
613,cubchoo,55,70,40,60,40,40,ice,ice,5,85,False
614,beartic,95,130,80,70,80,50,ice,ice,26,2600,False
615,cryogonal,80,50,50,95,135,105,ice,ice,11,1480,False
616,shelmet,50,40,85,40,65,25,bug,bug,4,77,False
617,accelgor,80,70,40,100,60,145,bug,bug,8,253,False
618,stunfisk,109,66,84,81,99,32,ground,electric,7,110,True
619,mienfoo,45,85,50,55,50,65,fighting,fighting,9,200,False
620,mienshao,65,125,60,95,60,105,fighting,fighting,14,355,False
621,druddigon,77,120,90,60,90,48,dragon,dragon,16,1390,False
622,golett,59,74,50,35,50,35,ground,ghost,10,920,True
623,golurk,89,124,80,55,80,55,ground,ghost,28,3300,True
624,pawniard,45,85,70,40,40,60,dark,steel,5,102,True
625,bisharp,65,125,100,60,70,70,dark,steel,16,700,True
626,bouffalant,95,110,95,40,95,55,normal,normal,16,946,False
627,rufflet,70,83,50,37,50,60,normal,flying,5,105,True
628,braviary,100,123,75,57,75,80,normal,flying,15,410,True
629,vullaby,70,55,75,45,65,60,dark,flying,5,90,True
630,mandibuzz,110,65,105,55,95,80,dark,flying,12,395,True
631,heatmor,85,97,66,105,66,65,fire,fire,14,580,False
632,durant,58,109,112,48,48,109,bug,steel,3,330,True
633,deino,52,65,50,45,50,38,dark,dragon,8,173,True
634,zweilous,72,85,70,65,70,58,dark,dragon,14,500,True
635,hydreigon,92,105,90,125,90,98,dark,dragon,18,1600,True
636,larvesta,55,85,55,50,55,60,bug,fire,11,288,True
637,volcarona,85,60,65,135,105,100,bug,fire,16,460,True
638,cobalion,91,90,129,90,72,108,steel,fighting,21,2500,True
639,terrakion,91,129,90,72,90,108,rock,fighting,19,2600,True
640,virizion,91,90,72,90,129,108,grass,fighting,20,2000,True
641,tornadus-incarnate,79,115,70,125,80,111,flying,flying,15,630,False
642,thundurus-incarnate,79,115,70,125,80,111,electric,flying,15,610,True
643,reshiram,100,120,100,150,120,90,dragon,fire,32,3300,True
644,zekrom,100,150,120,120,100,90,dragon,electric,29,3450,True
645,landorus-incarnate,89,125,90,115,80,101,ground,flying,15,680,True
646,kyurem,125,130,90,130,90,95,dragon,ice,30,3250,True
647,keldeo-ordinary,91,72,90,129,90,108,water,fighting,14,485,True
648,meloetta-aria,100,77,77,128,128,90,normal,psychic,6,65,True
649,genesect,71,120,95,120,95,99,bug,steel,15,825,True
650,chespin,56,61,65,48,45,38,grass,grass,4,90,False
651,quilladin,61,78,95,56,58,57,grass,grass,7,290,False
652,chesnaught,88,107,122,74,75,64,grass,fighting,16,900,True
653,fennekin,40,45,40,62,60,60,fire,fire,4,94,False
654,braixen,59,59,58,90,70,73,fire,fire,10,145,False
655,delphox,75,69,72,114,100,104,fire,psychic,15,390,True
656,froakie,41,56,40,62,44,71,water,water,3,70,False
657,frogadier,54,63,52,83,56,97,water,water,6,109,False
658,greninja,72,95,67,103,71,122,water,dark,15,400,True
659,bunnelby,38,36,38,32,36,57,normal,normal,4,50,False
660,diggersby,85,56,77,50,77,78,normal,ground,10,424,True
661,fletchling,45,50,43,40,38,62,normal,flying,3,17,True
662,fletchinder,62,73,55,56,52,84,fire,flying,7,160,True
663,talonflame,78,81,71,74,69,126,fire,flying,12,245,True
664,scatterbug,38,35,40,27,25,35,bug,bug,3,25,False
665,spewpa,45,22,60,27,30,29,bug,bug,3,84,False
666,vivillon,80,52,50,90,50,89,bug,flying,12,170,True
667,litleo,62,50,58,73,54,72,fire,normal,6,135,True
668,pyroar,86,68,72,109,66,106,fire,normal,15,815,True
669,flabebe,44,38,39,61,79,42,fairy,fairy,1,1,False
670,floette,54,45,47,75,98,52,fairy,fairy,2,9,False
671,florges,78,65,68,112,154,75,fairy,fairy,11,100,False
672,skiddo,66,65,48,62,57,52,grass,grass,9,310,False
673,gogoat,123,100,62,97,81,68,grass,grass,17,910,False
674,pancham,67,82,62,46,48,43,fighting,fighting,6,80,False
675,pangoro,95,124,78,69,71,58,fighting,dark,21,1360,True
676,furfrou,75,80,60,65,90,102,normal,normal,12,280,False
677,espurr,62,48,54,63,60,68,psychic,psychic,3,35,False
678,meowstic-male,74,48,76,83,81,104,psychic,psychic,6,85,False
679,honedge,45,80,100,35,37,28,steel,ghost,8,20,True
680,doublade,59,110,150,45,49,35,steel,ghost,8,45,True
681,aegislash-shield,60,50,140,50,140,60,steel,ghost,17,530,True
682,spritzee,78,52,60,63,65,23,fairy,fairy,2,5,False
683,aromatisse,101,72,72,99,89,29,fairy,fairy,8,155,False
684,swirlix,62,48,66,59,57,49,fairy,fairy,4,35,False
685,slurpuff,82,80,86,85,75,72,fairy,fairy,8,50,False
686,inkay,53,54,53,37,46,45,dark,psychic,4,35,True
687,malamar,86,92,88,68,75,73,dark,psychic,15,470,True
688,binacle,42,52,67,39,56,50,rock,water,5,310,True
689,barbaracle,72,105,115,54,86,68,rock,water,13,960,True
690,skrelp,50,60,60,60,60,30,poison,water,5,73,True
691,dragalge,65,75,90,97,123,44,poison,dragon,18,815,True
692,clauncher,50,53,62,58,63,44,water,water,5,83,False
693,clawitzer,71,73,88,120,89,59,water,water,13,353,False
694,helioptile,44,38,33,61,43,70,electric,normal,5,60,True
695,heliolisk,62,55,52,109,94,109,electric,normal,10,210,True
696,tyrunt,58,89,77,45,45,48,rock,dragon,8,260,True
697,tyrantrum,82,121,119,69,59,71,rock,dragon,25,2700,True
698,amaura,77,59,50,67,63,46,rock,ice,13,252,True
699,aurorus,123,77,72,99,92,58,rock,ice,27,2250,True
700,sylveon,95,65,65,110,130,60,fairy,fairy,10,235,False
701,hawlucha,78,92,75,74,63,118,fighting,flying,8,215,True
702,dedenne,67,58,57,81,67,101,electric,fairy,2,22,True
703,carbink,50,50,150,50,150,50,rock,fairy,3,57,True
704,goomy,45,50,35,55,75,40,dragon,dragon,3,28,False
705,sliggoo,68,75,53,83,113,60,dragon,dragon,8,175,False
706,goodra,90,100,70,110,150,80,dragon,dragon,20,1505,False
707,klefki,57,80,91,80,87,75,steel,fairy,2,30,True
708,phantump,43,70,48,50,60,38,ghost,grass,4,70,True
709,trevenant,85,110,76,65,82,56,ghost,grass,15,710,True
710,pumpkaboo-average,49,66,70,44,55,51,ghost,grass,4,50,True
711,gourgeist-average,65,90,122,58,75,84,ghost,grass,9,125,True
712,bergmite,55,69,85,32,35,28,ice,ice,10,995,False
713,avalugg,95,117,184,44,46,28,ice,ice,20,5050,False
714,noibat,40,30,35,45,40,55,flying,dragon,5,80,True
715,noivern,85,70,80,97,80,123,flying,dragon,15,850,True
716,xerneas,126,131,95,131,98,99,fairy,fairy,30,2150,False
717,yveltal,126,131,95,131,98,99,dark,flying,58,2030,True
718,zygarde-50,108,100,121,81,95,95,dragon,ground,50,3050,True
719,diancie,50,100,150,100,150,50,rock,fairy,7,88,True
720,hoopa,80,110,60,150,130,70,psychic,ghost,5,90,True
721,volcanion,80,110,120,130,90,70,fire,water,17,1950,True
722,rowlet,68,55,55,50,50,42,grass,flying,3,15,True
723,dartrix,78,75,75,70,70,52,grass,flying,7,160,True
724,decidueye,78,107,75,100,100,70,grass,ghost,16,366,True
725,litten,45,65,40,60,40,70,fire,fire,4,43,False
726,torracat,65,85,50,80,50,90,fire,fire,7,250,False
727,incineroar,95,115,90,80,90,60,fire,dark,18,830,True
728,popplio,50,54,54,66,56,40,water,water,4,75,False
729,brionne,60,69,69,91,81,50,water,water,6,175,False
730,primarina,80,74,74,126,116,60,water,fairy,18,440,True
731,pikipek,35,75,30,30,30,65,normal,flying,3,12,True
732,trumbeak,55,85,50,40,50,75,normal,flying,6,148,True
733,toucannon,80,120,75,75,75,60,normal,flying,11,260,True
734,yungoos,48,70,30,30,30,45,normal,normal,4,60,False
735,gumshoos,88,110,60,55,60,45,normal,normal,7,142,False
736,grubbin,47,62,45,55,45,46,bug,bug,4,44,False
737,charjabug,57,82,95,55,75,36,bug,electric,5,105,True
738,vikavolt,77,70,90,145,75,43,bug,electric,15,450,True
739,crabrawler,47,82,57,42,47,63,fighting,fighting,6,70,False
740,crabominable,97,132,77,62,67,43,fighting,ice,17,1800,True
741,oricorio-baile,75,70,70,98,70,93,fire,flying,6,34,True
742,cutiefly,40,45,40,55,40,84,bug,fairy,1,2,True
743,ribombee,60,55,60,95,70,124,bug,fairy,2,5,True
744,rockruff,45,65,40,30,40,60,rock,rock,5,92,False
745,lycanroc-midday,75,115,65,55,65,112,rock,rock,8,250,False
746,wishiwashi-solo,45,20,20,25,25,40,water,water,2,3,False
747,mareanie,50,53,62,43,52,45,poison,water,4,80,True
748,toxapex,50,63,152,53,142,35,poison,water,7,145,True
749,mudbray,70,100,70,45,55,45,ground,ground,10,1100,False
750,mudsdale,100,125,100,55,85,35,ground,ground,25,9200,False
751,dewpider,38,40,52,40,72,27,water,bug,3,40,True
752,araquanid,68,70,92,50,132,42,water,bug,18,820,True
753,fomantis,40,55,35,50,35,35,grass,grass,3,15,False
754,lurantis,70,105,90,80,90,45,grass,grass,9,185,False
755,morelull,40,35,55,65,75,15,grass,fairy,2,15,True
756,shiinotic,60,45,80,90,100,30,grass,fairy,10,115,True
757,salandit,48,44,40,71,40,77,poison,fire,6,48,True
758,salazzle,68,64,60,111,60,117,poison,fire,12,222,True
759,stufful,70,75,50,45,50,50,normal,fighting,5,68,True
760,bewear,120,125,80,55,60,60,normal,fighting,21,1350,True
761,bounsweet,42,30,38,30,38,32,grass,grass,3,32,False
762,steenee,52,40,48,40,48,62,grass,grass,7,82,False
763,tsareena,72,120,98,50,98,72,grass,grass,12,214,False
764,comfey,51,52,90,82,110,100,fairy,fairy,1,3,False
765,oranguru,90,60,80,90,110,60,normal,psychic,15,760,True
766,passimian,100,120,90,40,60,80,fighting,fighting,20,828,False
767,wimpod,25,35,40,20,30,80,bug,water,5,120,True
768,golisopod,75,125,140,60,90,40,bug,water,20,1080,True
769,sandygast,55,55,80,70,45,15,ghost,ground,5,700,True
770,palossand,85,75,110,100,75,35,ghost,ground,13,2500,True
771,pyukumuku,55,60,130,30,130,5,water,water,3,12,False
772,type-null,95,95,95,95,95,59,normal,normal,19,1205,False
773,silvally,95,95,95,95,95,95,normal,normal,23,1005,False
774,minior-red-meteor,60,60,100,60,100,60,rock,flying,3,400,True
775,komala,65,115,65,75,95,65,normal,normal,4,199,False
776,turtonator,60,78,135,91,85,36,fire,dragon,20,2120,True
777,togedemaru,65,98,63,40,73,96,electric,steel,3,33,True
778,mimikyu-disguised,55,90,80,50,105,96,ghost,fairy,2,7,True
779,bruxish,68,105,70,70,70,92,water,psychic,9,190,True
780,drampa,78,60,85,135,91,36,normal,dragon,30,1850,True
781,dhelmise,70,131,100,86,90,40,ghost,grass,39,2100,True
782,jangmo-o,45,55,65,45,45,45,dragon,dragon,6,297,False
783,hakamo-o,55,75,90,65,70,65,dragon,fighting,12,470,True
784,kommo-o,75,110,125,100,105,85,dragon,fighting,16,782,True
785,tapu-koko,70,115,85,95,75,130,electric,fairy,18,205,True
786,tapu-lele,70,85,75,130,115,95,psychic,fairy,12,186,True
787,tapu-bulu,70,130,115,85,95,75,grass,fairy,19,455,True
788,tapu-fini,70,75,115,95,130,85,water,fairy,13,212,True
789,cosmog,43,29,31,29,31,37,psychic,psychic,2,1,False
790,cosmoem,43,29,131,29,131,37,psychic,psychic,1,9999,False
791,solgaleo,137,137,107,113,89,97,psychic,steel,34,2300,True
792,lunala,137,113,89,137,107,97,psychic,ghost,40,1200,True
793,nihilego,109,53,47,127,131,103,rock,poison,12,555,True
794,buzzwole,107,139,139,53,53,79,bug,fighting,24,3336,True
795,pheromosa,71,137,37,137,37,151,bug,fighting,18,250,True
796,xurkitree,83,89,71,173,71,83,electric,electric,38,1000,False
797,celesteela,97,101,103,107,101,61,steel,flying,92,9999,True
798,kartana,59,181,131,59,31,109,grass,steel,3,1,True
799,guzzlord,223,101,53,97,53,43,dark,dragon,55,8880,True
800,necrozma,97,107,101,127,89,79,psychic,psychic,24,2300,False
801,magearna,80,95,115,130,115,65,steel,fairy,10,805,True
802,marshadow,90,125,80,90,90,125,fighting,ghost,7,222,True
803,poipole,67,73,67,73,67,73,poison,poison,6,18,False
804,naganadel,73,73,73,127,73,121,poison,dragon,36,1500,True
805,stakataka,61,131,211,53,101,13,rock,steel,55,8200,True
806,blacephalon,53,127,53,151,79,107,fire,ghost,18,130,True
807,zeraora,88,112,75,102,80,143,electric,electric,15,445,False
808,meltan,46,65,65,55,35,34,steel,steel,2,80,False
809,melmetal,135,143,143,80,65,34,steel,steel,25,8000,False
810,grookey,50,65,50,40,40,65,grass,grass,3,50,False
811,thwackey,70,85,70,55,60,80,grass,grass,7,140,False
812,rillaboom,100,125,90,60,70,85,grass,grass,21,900,False
813,scorbunny,50,71,40,40,40,69,fire,fire,3,45,False
814,raboot,65,86,60,55,60,94,fire,fire,6,90,False
815,cinderace,80,116,75,65,75,119,fire,fire,14,330,False
816,sobble,50,40,40,70,40,70,water,water,3,40,False
817,drizzile,65,60,55,95,55,90,water,water,7,115,False
818,inteleon,70,85,65,125,65,120,water,water,19,452,False
819,skwovet,70,55,55,35,35,25,normal,normal,3,25,False
820,greedent,120,95,95,55,75,20,normal,normal,6,60,False
821,rookidee,38,47,35,33,35,57,flying,flying,2,18,False
822,corvisquire,68,67,55,43,55,77,flying,flying,8,160,False
823,corviknight,98,87,105,53,85,67,flying,steel,22,750,True
824,blipbug,25,20,20,25,45,45,bug,bug,4,80,False
825,dottler,50,35,80,50,90,30,bug,psychic,4,195,True
826,orbeetle,60,45,110,80,120,90,bug,psychic,4,408,True
827,nickit,40,28,28,47,52,50,dark,dark,6,89,False
828,thievul,70,58,58,87,92,90,dark,dark,12,199,False
829,gossifleur,40,40,60,40,60,10,grass,grass,4,22,False
830,eldegoss,60,50,90,80,120,60,grass,grass,5,25,False
831,wooloo,42,40,55,40,45,48,normal,normal,6,60,False
832,dubwool,72,80,100,60,90,88,normal,normal,13,430,False
833,chewtle,50,64,50,38,38,44,water,water,3,85,False
834,drednaw,90,115,90,48,68,74,water,rock,10,1155,True
835,yamper,59,45,50,40,50,26,electric,electric,3,135,False
836,boltund,69,90,60,90,60,121,electric,electric,10,340,False
837,rolycoly,30,40,50,40,50,30,rock,rock,3,120,False
838,carkol,80,60,90,60,70,50,rock,fire,11,780,True
839,coalossal,110,80,120,80,90,30,rock,fire,28,3105,True
840,applin,40,40,80,40,40,20,grass,dragon,2,5,True
841,flapple,70,110,80,95,60,70,grass,dragon,3,10,True
842,appletun,110,85,80,100,80,30,grass,dragon,4,130,True
843,silicobra,52,57,75,35,50,46,ground,ground,22,76,False
844,sandaconda,72,107,125,65,70,71,ground,ground,38,655,False
845,cramorant,70,85,55,85,95,85,flying,water,8,180,True
846,arrokuda,41,63,40,40,30,66,water,water,5,10,False
847,barraskewda,61,123,60,60,50,136,water,water,13,300,False
848,toxel,40,38,35,54,35,40,electric,poison,4,110,True
849,toxtricity-amped,75,98,70,114,70,75,electric,poison,16,400,True
850,sizzlipede,50,65,45,50,50,45,fire,bug,7,10,True
851,centiskorch,100,115,65,90,90,65,fire,bug,30,1200,True
852,clobbopus,50,68,60,50,50,32,fighting,fighting,6,40,False
853,grapploct,80,118,90,70,80,42,fighting,fighting,16,390,False
854,sinistea,40,45,45,74,54,50,ghost,ghost,1,2,False
855,polteageist,60,65,65,134,114,70,ghost,ghost,2,4,False
856,hatenna,42,30,45,56,53,39,psychic,psychic,4,34,False
857,hattrem,57,40,65,86,73,49,psychic,psychic,6,48,False
858,hatterene,57,90,95,136,103,29,psychic,fairy,21,51,True
859,impidimp,45,45,30,55,40,50,dark,fairy,4,55,True
860,morgrem,65,60,45,75,55,70,dark,fairy,8,125,True
861,grimmsnarl,95,120,65,95,75,60,dark,fairy,15,610,True
862,obstagoon,93,90,101,60,81,95,dark,normal,16,460,True
863,perrserker,70,110,100,50,60,50,steel,steel,8,280,False
864,cursola,60,95,50,145,130,30,ghost,ghost,10,4,False
865,sirfetchd,62,135,95,68,82,65,fighting,fighting,8,1170,False
866,mr-rime,80,85,75,110,100,70,ice,psychic,15,582,True
867,runerigus,58,95,145,50,105,30,ground,ghost,16,666,True
868,milcery,45,40,40,50,61,34,fairy,fairy,2,3,False
869,alcremie,65,60,75,110,121,64,fairy,fairy,3,5,False
870,falinks,65,100,100,70,60,75,fighting,fighting,30,620,False
871,pincurchin,48,101,95,91,85,15,electric,electric,3,10,False
872,snom,30,25,35,45,30,20,ice,bug,3,38,True
873,frosmoth,70,65,60,125,90,65,ice,bug,13,420,True
874,stonjourner,100,125,135,20,20,70,rock,rock,25,5200,False
875,eiscue-ice,75,80,110,65,90,50,ice,ice,14,890,False
876,indeedee-male,60,65,55,105,95,95,psychic,normal,9,280,True
877,morpeko-full-belly,58,95,58,70,58,97,electric,dark,3,30,True
878,cufant,72,80,49,40,49,40,steel,steel,12,1000,False
879,copperajah,122,130,69,80,69,30,steel,steel,30,6500,False
880,dracozolt,90,100,90,80,70,75,electric,dragon,18,1900,True
881,arctozolt,90,100,90,90,80,55,electric,ice,23,1500,True
882,dracovish,90,90,100,70,80,75,water,dragon,23,2150,True
883,arctovish,90,90,100,80,90,55,water,ice,20,1750,True
884,duraludon,70,95,115,120,50,85,steel,dragon,18,400,True
885,dreepy,28,60,30,40,30,82,dragon,ghost,5,20,True
886,drakloak,68,80,50,60,50,102,dragon,ghost,14,110,True
887,dragapult,88,120,75,100,75,142,dragon,ghost,30,500,True
888,zacian,92,130,115,80,115,138,fairy,fairy,28,1100,False
889,zamazenta,92,130,115,80,115,138,fighting,fighting,29,2100,False
890,eternatus,140,85,95,145,95,130,poison,dragon,200,9500,True
891,kubfu,60,90,60,53,50,72,fighting,fighting,6,120,False
892,urshifu-single-strike,100,130,100,63,60,97,fighting,dark,19,1050,True
893,zarude,105,120,105,70,95,105,dark,grass,18,700,True
894,regieleki,80,100,50,100,50,200,electric,electric,12,1450,False
895,regidrago,200,100,50,100,50,80,dragon,dragon,21,2000,False
896,glastrier,100,145,130,65,110,30,ice,ice,22,8000,False
897,spectrier,100,65,60,145,80,130,ghost,ghost,20,445,False
898,calyrex,100,80,80,80,80,80,psychic,grass,11,77,True
899,wyrdeer,103,105,72,105,75,65,normal,psychic,18,951,True
900,kleavor,70,135,95,45,70,85,bug,rock,18,890,True
901,ursaluna,130,140,105,45,80,50,ground,normal,24,2900,True
902,basculegion-male,120,112,65,80,75,78,water,ghost,30,1100,True
903,sneasler,80,130,60,40,80,120,fighting,poison,13,430,True
904,overqwil,85,115,95,65,65,85,dark,poison,25,605,True
905,enamorus-incarnate,74,115,70,135,80,106,fairy,flying,16,480,True
906,sprigatito,40,61,54,45,45,65,grass,grass,4,41,False
907,floragato,61,80,63,60,63,83,grass,grass,9,122,False
908,meowscarada,76,110,70,81,70,123,grass,dark,15,312,True
909,fuecoco,67,45,59,63,40,36,fire,fire,4,98,False
910,crocalor,81,55,78,90,58,49,fire,fire,10,307,False
911,skeledirge,104,75,100,110,75,66,fire,ghost,16,3265,True
912,quaxly,55,65,45,50,45,50,water,water,5,61,False
913,quaxwell,70,85,65,65,60,65,water,water,12,215,False
914,quaquaval,85,120,80,85,75,85,water,fighting,18,619,True
915,lechonk,54,45,40,35,45,35,normal,normal,5,102,False
916,oinkologne,110,100,75,59,80,65,normal,normal,10,1200,False
917,tarountula,35,41,45,29,40,20,bug,bug,3,40,False
918,spidops,60,79,92,52,86,35,bug,bug,10,165,False
919,nymble,33,46,40,21,25,45,bug,bug,2,10,False
920,lokix,71,102,78,52,55,92,bug,dark,10,175,True
921,pawmi,45,50,20,40,25,60,electric,electric,3,25,False
922,pawmo,60,75,40,50,40,85,electric,fighting,4,65,True
923,pawmot,70,115,70,70,60,105,electric,fighting,9,410,True
924,tandemaus,50,50,45,40,45,75,normal,normal,3,18,False
925,maushold,74,75,70,65,75,111,normal,normal,3,23,False
926,fidough,37,55,70,30,55,65,fairy,fairy,3,109,False
927,dachsbun,57,80,115,50,80,95,fairy,fairy,5,149,False
928,smoliv,41,35,45,58,51,30,grass,normal,3,65,True
929,dolliv,52,53,60,78,78,33,grass,normal,6,119,True
930,arboliva,78,69,90,125,109,39,grass,normal,14,482,True
931,squawkabilly,82,96,51,45,51,92,normal,flying,6,24,True
932,nacli,55,55,75,35,35,25,rock,rock,4,160,False
933,naclstack,60,60,100,35,65,35,rock,rock,6,1050,False
934,garganacl,100,100,130,45,90,35,rock,rock,23,2400,False
935,charcadet,40,50,40,50,40,35,fire,fire,6,105,False
936,armarouge,85,60,100,125,80,75,fire,psychic,15,850,True
937,ceruledge,75,125,80,60,100,85,fire,ghost,16,620,True
938,tadbulb,61,31,41,59,35,45,electric,electric,3,4,False
939,bellibolt,109,64,91,103,83,45,electric,electric,12,1130,False
940,wattrel,40,40,35,55,40,70,electric,flying,4,36,True
941,kilowattrel,70,70,60,105,60,125,electric,flying,14,386,True
942,maschiff,60,78,60,40,51,51,dark,dark,5,160,False
943,mabosstiff,80,120,90,60,70,85,dark,dark,11,610,False
944,shroodle,40,65,35,40,35,75,poison,normal,2,7,True
945,grafaiai,63,95,65,80,72,110,poison,normal,7,272,True
946,bramblin,40,65,30,45,35,60,grass,ghost,6,6,True
947,brambleghast,55,115,70,80,70,90,grass,ghost,12,60,True
948,toedscool,40,40,35,50,100,70,ground,grass,9,330,True
949,toedscruel,80,70,65,80,120,100,ground,grass,19,580,True
950,klawf,70,100,115,35,55,75,rock,rock,13,790,False
951,capsakid,50,62,40,62,40,50,grass,grass,3,30,False
952,scovillain,65,108,65,108,65,75,grass,fire,9,150,True
953,rellor,41,50,60,31,58,30,bug,bug,2,10,False
954,rabsca,75,50,85,115,100,45,bug,psychic,3,35,True
955,flittle,30,35,30,55,30,75,psychic,psychic,2,15,False
956,espathra,95,60,60,101,60,105,psychic,psychic,19,900,False
957,tinkatink,50,45,45,35,64,58,fairy,steel,4,89,True
958,tinkatuff,65,55,55,45,82,78,fairy,steel,7,591,True
959,tinkaton,85,75,77,70,105,94,fairy,steel,7,1128,True
960,wiglett,10,55,25,35,25,95,water,water,12,18,False
961,wugtrio,35,100,50,50,70,120,water,water,12,54,False
962,bombirdier,70,103,85,60,85,82,flying,dark,15,429,True
963,finizen,70,45,40,45,40,75,water,water,13,602,False
964,palafin,100,70,72,53,62,100,water,water,13,602,False
965,varoom,45,70,63,30,45,47,steel,poison,10,350,True
966,revavroom,80,119,90,54,67,90,steel,poison,18,1200,True
967,cyclizar,70,95,65,85,65,121,dragon,normal,16,630,True
968,orthworm,70,85,145,60,55,65,steel,steel,25,3100,False
969,glimmet,48,35,42,105,60,60,rock,poison,7,80,True
970,glimmora,83,55,90,130,81,86,rock,poison,15,450,True
971,greavard,50,61,60,30,55,34,ghost,ghost,6,350,False
972,houndstone,72,101,100,50,97,68,ghost,ghost,20,150,False
973,flamigo,82,115,74,75,64,90,flying,fighting,16,370,True
974,cetoddle,108,68,45,30,40,43,ice,ice,12,450,False
975,cetitan,170,113,65,45,55,73,ice,ice,45,7000,False
976,veluza,90,102,73,78,65,70,water,psychic,25,900,True
977,dondozo,150,100,115,65,65,35,water,water,120,2200,False
978,tatsugiri,68,50,60,120,95,82,dragon,water,3,80,True
979,annihilape,110,115,80,50,90,90,fighting,ghost,12,560,True
980,clodsire,130,75,60,45,100,20,poison,ground,18,2230,True
981,farigiraf,120,90,70,110,70,60,normal,psychic,32,1600,True
982,dudunsparce,125,100,80,85,75,55,normal,normal,36,392,False
983,kingambit,100,135,120,60,85,50,dark,steel,20,1200,True
984,great-tusk,115,131,131,53,53,87,ground,fighting,22,3200,True
985,scream-tail,115,65,99,65,115,111,fairy,psychic,12,80,True
986,brute-bonnet,111,127,99,79,99,55,grass,dark,12,210,True
987,flutter-mane,55,55,55,135,135,135,ghost,fairy,14,40,True
988,slither-wing,85,135,79,85,105,81,bug,fighting,32,920,True
989,sandy-shocks,85,81,97,121,85,101,electric,ground,23,600,True
990,iron-treads,90,112,120,72,70,106,ground,steel,9,2400,True
991,iron-bundle,56,80,114,124,60,136,ice,water,6,110,True
992,iron-hands,154,140,108,50,68,50,fighting,electric,18,3807,True
993,iron-jugulis,94,80,86,122,80,108,dark,flying,13,1110,True
994,iron-moth,80,70,60,140,110,110,fire,poison,12,360,True
995,iron-thorns,100,134,110,70,84,72,rock,electric,16,3030,True
996,frigibax,65,75,45,35,45,55,dragon,ice,5,170,True
997,arctibax,90,95,66,45,65,62,dragon,ice,8,300,True
998,baxcalibur,115,145,92,75,86,87,dragon,ice,21,2100,True
999,gimmighoul,45,30,70,75,70,10,ghost,ghost,3,50,False
1000,gholdengo,87,60,95,133,91,84,steel,ghost,12,300,True
1001,wo-chien,85,85,100,95,135,70,dark,grass,15,742,True
1002,chien-pao,80,120,80,90,65,135,dark,ice,19,1522,True
1003,ting-lu,155,110,125,55,80,45,dark,ground,27,6997,True
1004,chi-yu,55,80,80,135,120,100,dark,fire,4,49,True
1005,roaring-moon,105,139,71,55,101,119,dragon,dark,20,3800,True
1006,iron-valiant,74,130,90,120,60,116,fairy,fighting,14,350,True
1007,koraidon,100,135,115,85,100,135,fighting,dragon,25,3030,True
1008,miraidon,100,85,100,135,115,135,electric,dragon,35,2400,True
